true_class,predicted_class,confidence,correct
horse,horse,99.45,True
frog,frog,99.95,True
frog,frog,99.86,True
truck,truck,98.94,True
automobile,automobile,99.95,True
automobile,automobile,99.26,True
ship,ship,99.79,True
truck,truck,99.97,True
deer,deer,49.49,True
horse,horse,85.68,True
airplane,airplane,98.94,True
dog,dog,96.21,True
horse,horse,97.68,True
bird,bird,97.67,True
bird,bird,98.6,True
automobile,cat,82.46,False
horse,horse,96.61,True
frog,deer,74.06,False
bird,bird,99.39,True
ship,ship,88.38,True
ship,ship,99.83,True
bird,airplane,85.01,False
bird,bird,91.75,True
dog,dog,71.33,True
horse,cat,45.52,False
cat,cat,97.67,True
bird,bird,99.98,True
frog,frog,92.85,True
bird,bird,99.91,True
horse,horse,99.86,True
ship,ship,94.95,True
automobile,automobile,71.56,True
truck,automobile,77.11,False
automobile,automobile,99.95,True
cat,cat,73.76,True
bird,cat,92.88,False
horse,horse,98.86,True
deer,deer,92.85,True
automobile,automobile,99.83,True
horse,horse,100.0,True
truck,truck,99.95,True
cat,cat,76.14,True
horse,horse,99.71,True
frog,frog,99.65,True
ship,airplane,79.98,False
dog,dog,85.64,True
dog,cat,77.91,False
cat,cat,96.77,True
ship,ship,99.92,True
automobile,horse,90.93,False
truck,truck,93.38,True
truck,truck,89.5,True
bird,bird,99.98,True
frog,frog,99.99,True
deer,deer,86.16,True
ship,ship,99.63,True
deer,deer,90.64,True
dog,bird,82.81,False
horse,horse,99.94,True
horse,horse,100.0,True
cat,cat,51.58,True
dog,dog,86.68,True
airplane,airplane,99.89,True
horse,horse,99.96,True
truck,truck,89.2,True
deer,horse,81.92,False
cat,cat,31.41,True
deer,deer,100.0,True
automobile,automobile,94.28,True
horse,horse,99.94,True
automobile,automobile,99.29,True
airplane,airplane,99.9,True
horse,horse,99.95,True
ship,ship,99.97,True
automobile,automobile,98.46,True
horse,horse,99.9,True
bird,bird,95.84,True
deer,deer,58.6,True
ship,ship,90.75,True
airplane,airplane,99.88,True
ship,ship,99.59,True
truck,truck,99.97,True
truck,truck,99.83,True
bird,bird,99.78,True
deer,deer,99.04,True
truck,truck,99.74,True
horse,horse,99.87,True
airplane,airplane,100.0,True
automobile,automobile,99.97,True
automobile,automobile,44.45,True
ship,airplane,90.8,False
deer,deer,89.35,True
automobile,automobile,58.62,True
cat,deer,67.01,False
cat,cat,88.72,True
dog,cat,33.93,False
frog,frog,41.7,True
frog,frog,100.0,True
airplane,airplane,98.26,True
horse,horse,99.98,True
deer,deer,99.6,True
horse,horse,100.0,True
truck,truck,99.99,True
automobile,truck,95.55,False
airplane,airplane,98.71,True
frog,frog,56.56,True
dog,truck,54.36,False
truck,truck,93.87,True
ship,ship,100.0,True
airplane,airplane,95.05,True
deer,deer,98.12,True
automobile,automobile,77.59,True
airplane,airplane,99.81,True
frog,dog,77.31,False
deer,deer,99.91,True
deer,deer,93.57,True
automobile,automobile,87.5,True
horse,horse,99.35,True
automobile,automobile,98.28,True
horse,horse,82.35,True
horse,deer,42.73,False
dog,dog,50.75,True
cat,deer,67.36,False
bird,airplane,63.65,False
truck,truck,99.99,True
frog,frog,93.1,True
dog,cat,99.05,False
frog,frog,99.99,True
airplane,airplane,99.99,True
ship,ship,99.99,True
horse,bird,64.74,False
frog,frog,97.27,True
cat,cat,67.54,True
airplane,cat,67.48,False
truck,truck,99.98,True
ship,ship,69.84,True
ship,ship,53.29,True
truck,truck,84.76,True
automobile,automobile,100.0,True
airplane,airplane,98.92,True
truck,truck,91.84,True
frog,frog,83.92,True
cat,cat,64.78,True
bird,bird,79.27,True
dog,deer,95.95,False
frog,frog,100.0,True
dog,dog,99.39,True
airplane,airplane,98.91,True
dog,dog,100.0,True
ship,ship,96.84,True
dog,dog,99.7,True
cat,cat,91.55,True
horse,cat,58.07,False
airplane,airplane,100.0,True
truck,truck,100.0,True
horse,horse,95.51,True
frog,frog,99.99,True
horse,deer,89.75,False
frog,frog,100.0,True
automobile,automobile,99.81,True
frog,frog,88.96,True
horse,horse,95.93,True
ship,ship,48.99,True
deer,deer,100.0,True
ship,ship,99.89,True
bird,bird,94.98,True
cat,cat,87.4,True
deer,deer,99.78,True
cat,cat,99.96,True
cat,truck,42.88,False
ship,ship,93.59,True
automobile,automobile,83.41,True
frog,frog,44.65,True
bird,bird,99.34,True
frog,frog,99.34,True
horse,horse,64.18,True
frog,frog,98.59,True
cat,cat,92.26,True
horse,horse,99.8,True
horse,horse,99.79,True
bird,bird,99.69,True
frog,frog,99.99,True
airplane,airplane,99.86,True
ship,ship,99.92,True
bird,bird,96.07,True
dog,dog,76.33,True
cat,bird,49.65,False
frog,frog,99.88,True
truck,truck,65.92,True
deer,cat,46.32,False
cat,cat,88.86,True
deer,deer,99.67,True
dog,dog,98.77,True
horse,horse,89.18,True
automobile,ship,95.33,False
frog,frog,99.73,True
truck,truck,99.86,True
dog,dog,86.06,True
cat,cat,52.8,True
deer,deer,99.18,True
cat,dog,66.79,False
horse,horse,99.74,True
airplane,airplane,98.42,True
truck,truck,94.52,True
bird,bird,99.48,True
horse,horse,41.05,True
dog,dog,75.5,True
dog,dog,98.89,True
truck,automobile,94.41,False
airplane,automobile,90.2,False
horse,horse,95.09,True
bird,bird,92.32,True
cat,bird,49.92,False
horse,horse,73.36,True
horse,horse,99.51,True
frog,frog,88.7,True
truck,truck,100.0,True
truck,truck,99.96,True
deer,deer,91.45,True
horse,horse,96.51,True
horse,horse,99.99,True
deer,deer,98.41,True
deer,deer,93.82,True
deer,cat,48.26,False
airplane,airplane,99.53,True
dog,dog,98.89,True
truck,truck,99.99,True
automobile,automobile,99.88,True
deer,deer,95.09,True
ship,ship,99.5,True
airplane,horse,57.41,False
deer,deer,99.35,True
deer,deer,99.92,True
automobile,automobile,98.61,True
horse,horse,99.97,True
automobile,automobile,99.45,True
dog,dog,97.66,True
horse,horse,63.12,True
cat,cat,83.2,True
bird,cat,91.07,False
cat,cat,89.75,True
dog,dog,96.2,True
truck,ship,66.6,False
frog,frog,98.24,True
frog,frog,99.53,True
horse,horse,99.93,True
airplane,airplane,94.91,True
airplane,airplane,99.64,True
frog,frog,99.99,True
deer,deer,98.55,True
automobile,automobile,99.81,True
automobile,frog,47.37,False
dog,dog,99.58,True
bird,bird,99.78,True
frog,frog,100.0,True
truck,truck,96.37,True
truck,automobile,62.17,False
frog,frog,100.0,True
ship,truck,50.28,False
ship,ship,99.22,True
automobile,truck,59.15,False
bird,bird,75.62,True
dog,dog,91.79,True
deer,deer,99.98,True
horse,horse,55.59,True
airplane,airplane,69.11,True
frog,frog,100.0,True
airplane,airplane,88.72,True
cat,cat,41.08,True
dog,dog,97.05,True
deer,deer,97.17,True
bird,cat,68.54,False
automobile,automobile,99.98,True
deer,deer,79.75,True
dog,dog,99.51,True
airplane,ship,77.0,False
cat,dog,75.59,False
truck,truck,99.05,True
dog,dog,93.84,True
ship,ship,99.69,True
frog,frog,97.47,True
horse,horse,99.99,True
airplane,airplane,33.28,True
truck,truck,100.0,True
deer,deer,99.99,True
ship,ship,99.99,True
truck,truck,86.24,True
automobile,automobile,99.9,True
airplane,truck,62.19,False
automobile,truck,72.67,False
bird,bird,77.4,True
deer,cat,88.83,False
automobile,automobile,97.9,True
frog,frog,93.05,True
deer,deer,74.83,True
cat,dog,75.93,False
cat,dog,79.73,False
bird,bird,99.99,True
frog,frog,96.66,True
cat,dog,75.5,False
dog,dog,79.56,True
dog,dog,81.05,True
cat,cat,52.12,True
bird,bird,95.9,True
deer,deer,99.95,True
ship,ship,88.89,True
truck,truck,99.19,True
bird,bird,100.0,True
dog,dog,72.13,True
frog,frog,99.63,True
cat,dog,62.26,False
dog,dog,94.28,True
cat,cat,57.93,True
frog,frog,99.99,True
automobile,automobile,90.92,True
cat,frog,76.32,False
truck,truck,99.88,True
frog,frog,99.95,True
ship,ship,99.51,True
cat,cat,57.48,True
airplane,airplane,78.67,True
horse,horse,99.94,True
deer,deer,92.81,True
dog,dog,99.59,True
horse,horse,97.89,True
automobile,automobile,90.86,True
deer,frog,86.23,False
bird,bird,89.36,True
airplane,airplane,99.79,True
frog,dog,54.35,False
automobile,automobile,99.08,True
horse,horse,68.39,True
dog,cat,97.16,False
automobile,truck,96.04,False
ship,automobile,29.57,False
horse,horse,99.4,True
cat,dog,54.71,False
deer,cat,34.57,False
ship,ship,59.09,True
airplane,airplane,97.01,True
cat,cat,99.38,True
truck,truck,99.84,True
airplane,airplane,91.07,True
automobile,automobile,99.86,True
frog,frog,100.0,True
cat,cat,57.87,True
automobile,automobile,99.89,True
ship,ship,99.97,True
deer,deer,99.9,True
horse,horse,97.2,True
truck,truck,97.49,True
frog,frog,99.64,True
dog,cat,26.68,False
ship,ship,94.38,True
automobile,automobile,99.9,True
dog,dog,64.84,True
ship,ship,97.36,True
ship,ship,91.44,True
frog,frog,100.0,True
bird,frog,51.68,False
horse,horse,99.97,True
truck,truck,97.55,True
deer,deer,99.54,True
dog,dog,49.37,True
ship,ship,100.0,True
automobile,automobile,99.79,True
frog,frog,99.05,True
truck,ship,56.53,False
truck,truck,93.51,True
truck,automobile,71.58,False
cat,cat,33.71,True
horse,horse,99.97,True
airplane,airplane,99.9,True
horse,cat,70.29,False
frog,frog,98.8,True
dog,dog,71.87,True
ship,ship,99.99,True
frog,frog,100.0,True
dog,dog,85.29,True
ship,ship,72.29,True
frog,cat,31.99,False
deer,horse,87.47,False
automobile,automobile,99.16,True
dog,dog,72.33,True
bird,bird,96.88,True
airplane,ship,33.41,False
dog,cat,81.89,False
truck,truck,99.99,True
truck,truck,96.7,True
bird,bird,98.41,True
dog,dog,97.17,True
automobile,automobile,99.95,True
frog,frog,99.97,True
horse,horse,100.0,True
cat,cat,55.08,True
bird,bird,100.0,True
airplane,airplane,99.69,True
dog,dog,99.93,True
truck,truck,81.31,True
ship,ship,99.85,True
airplane,airplane,92.65,True
cat,cat,99.94,True
dog,dog,99.81,True
frog,frog,98.38,True
deer,deer,99.11,True
ship,ship,99.94,True
airplane,airplane,99.51,True
deer,dog,36.47,False
dog,dog,87.07,True
frog,cat,56.19,False
ship,ship,96.1,True
automobile,automobile,99.54,True
automobile,truck,86.81,False
cat,cat,92.16,True
truck,truck,100.0,True
bird,bird,71.13,True
truck,truck,75.97,True
cat,frog,52.04,False
cat,deer,93.08,False
cat,cat,48.8,True
automobile,automobile,99.27,True
ship,ship,99.99,True
cat,bird,87.81,False
airplane,bird,59.89,False
airplane,airplane,92.09,True
deer,deer,68.39,True
airplane,airplane,100.0,True
deer,deer,97.65,True
frog,frog,96.92,True
airplane,cat,44.41,False
ship,ship,92.85,True
ship,ship,92.15,True
bird,airplane,91.21,False
horse,horse,97.21,True
cat,deer,72.26,False
airplane,airplane,89.81,True
bird,bird,94.66,True
deer,deer,97.36,True
truck,truck,99.94,True
deer,deer,77.68,True
truck,truck,99.77,True
cat,cat,99.96,True
ship,ship,99.84,True
automobile,automobile,99.99,True
ship,ship,99.98,True
cat,airplane,81.43,False
cat,cat,95.29,True
truck,truck,98.54,True
dog,dog,60.33,True
cat,frog,90.8,False
frog,frog,43.89,True
airplane,ship,59.08,False
deer,deer,99.8,True
cat,cat,94.24,True
truck,truck,99.73,True
ship,ship,94.62,True
airplane,airplane,99.95,True
cat,bird,61.26,False
cat,deer,49.21,False
deer,deer,85.42,True
cat,cat,89.64,True
airplane,airplane,97.39,True
dog,dog,42.02,True
deer,deer,99.68,True
deer,deer,99.98,True
truck,truck,99.95,True
ship,ship,99.95,True
deer,deer,99.85,True
dog,cat,82.51,False
deer,deer,99.82,True
cat,cat,96.17,True
deer,deer,99.89,True
cat,bird,83.63,False
truck,automobile,62.41,False
cat,frog,71.13,False
dog,dog,98.91,True
ship,truck,94.37,False
frog,frog,93.17,True
horse,horse,65.45,True
cat,bird,87.27,False
horse,horse,98.96,True
airplane,airplane,99.42,True
dog,cat,51.33,False
airplane,airplane,99.99,True
bird,bird,49.29,True
airplane,airplane,99.96,True
horse,horse,35.39,True
ship,ship,99.99,True
truck,truck,100.0,True
bird,bird,99.95,True
bird,cat,66.85,False
horse,horse,87.84,True
deer,deer,95.93,True
dog,dog,86.07,True
airplane,airplane,99.94,True
automobile,automobile,99.47,True
ship,ship,100.0,True
automobile,automobile,87.39,True
horse,horse,99.91,True
ship,ship,81.32,True
airplane,airplane,91.32,True
deer,deer,96.14,True
ship,ship,99.86,True
deer,horse,34.57,False
horse,horse,84.81,True
horse,horse,99.82,True
truck,truck,99.88,True
truck,truck,100.0,True
cat,cat,71.17,True
bird,airplane,82.72,False
cat,cat,77.55,True
bird,frog,46.81,False
cat,cat,81.39,True
cat,cat,48.53,True
ship,ship,99.86,True
truck,cat,40.26,False
horse,horse,99.49,True
frog,frog,99.22,True
dog,dog,88.93,True
frog,ship,86.14,False
frog,frog,99.61,True
deer,deer,98.67,True
truck,truck,99.71,True
dog,cat,67.09,False
horse,horse,99.99,True
bird,airplane,61.64,False
deer,dog,70.32,False
bird,bird,99.88,True
frog,frog,99.99,True
airplane,cat,41.2,False
frog,frog,99.84,True
airplane,airplane,98.29,True
truck,truck,99.82,True
horse,horse,99.68,True
frog,frog,99.54,True
frog,frog,100.0,True
horse,horse,99.63,True
frog,frog,100.0,True
cat,cat,83.61,True
dog,cat,53.55,False
automobile,automobile,59.65,True
deer,cat,31.15,False
automobile,horse,83.94,False
ship,ship,99.47,True
frog,frog,99.86,True
automobile,automobile,98.46,True
frog,frog,61.23,True
automobile,frog,98.86,False
ship,ship,61.89,True
airplane,airplane,99.6,True
truck,truck,96.93,True
dog,dog,86.94,True
dog,dog,94.22,True
frog,frog,43.22,True
dog,dog,92.34,True
airplane,airplane,99.24,True
truck,truck,55.57,True
automobile,automobile,92.91,True
ship,ship,100.0,True
ship,ship,98.97,True
cat,cat,92.65,True
horse,horse,90.4,True
horse,horse,100.0,True
horse,horse,97.69,True
deer,deer,99.58,True
automobile,automobile,59.14,True
airplane,airplane,100.0,True
ship,ship,99.87,True
automobile,automobile,99.44,True
automobile,automobile,99.96,True
truck,truck,98.59,True
ship,ship,99.81,True
airplane,airplane,98.04,True
cat,cat,63.28,True
bird,bird,99.98,True
horse,horse,99.95,True
cat,cat,74.9,True
automobile,automobile,98.29,True
horse,horse,98.25,True
deer,deer,99.79,True
dog,dog,99.96,True
dog,cat,86.06,False
ship,deer,34.24,False
truck,truck,99.46,True
deer,deer,74.6,True
horse,cat,68.38,False
ship,ship,99.87,True
cat,dog,43.41,False
ship,ship,85.04,True
cat,cat,90.08,True
ship,automobile,95.49,False
cat,cat,80.88,True
truck,truck,97.75,True
automobile,automobile,99.83,True
truck,ship,51.15,False
airplane,ship,52.64,False
bird,bird,99.48,True
bird,bird,99.74,True
bird,bird,96.89,True
airplane,airplane,56.56,True
bird,bird,99.03,True
airplane,airplane,96.8,True
truck,truck,56.56,True
frog,cat,86.09,False
automobile,automobile,91.23,True
horse,horse,99.97,True
airplane,airplane,99.98,True
airplane,airplane,94.96,True
dog,dog,99.77,True
truck,truck,87.64,True
horse,horse,99.99,True
cat,cat,68.9,True
cat,cat,83.24,True
horse,horse,99.96,True
automobile,automobile,99.88,True
bird,bird,99.97,True
dog,dog,96.71,True
cat,cat,85.99,True
airplane,airplane,99.71,True
ship,ship,99.52,True
dog,dog,96.89,True
cat,cat,56.19,True
horse,horse,88.2,True
frog,deer,38.84,False
dog,dog,82.29,True
dog,dog,99.68,True
cat,cat,78.88,True
truck,truck,85.28,True
dog,cat,61.66,False
horse,horse,99.57,True
bird,bird,86.08,True
deer,cat,54.2,False
horse,horse,99.61,True
bird,bird,99.99,True
horse,horse,53.38,True
automobile,automobile,99.65,True
horse,horse,95.71,True
horse,horse,94.34,True
ship,ship,99.73,True
bird,bird,97.27,True
frog,frog,99.99,True
horse,horse,100.0,True
bird,bird,94.18,True
cat,cat,93.63,True
airplane,airplane,99.42,True
automobile,automobile,99.92,True
ship,ship,99.62,True
cat,cat,98.32,True
ship,ship,99.73,True
deer,cat,39.06,False
cat,dog,82.97,False
dog,cat,55.55,False
airplane,airplane,64.02,True
automobile,automobile,96.27,True
frog,frog,99.69,True
frog,frog,96.03,True
deer,cat,72.2,False
ship,ship,99.98,True
ship,ship,99.6,True
automobile,automobile,99.73,True
cat,deer,86.61,False
cat,cat,99.4,True
frog,frog,99.86,True
deer,deer,93.73,True
horse,horse,99.7,True
deer,deer,98.51,True
horse,horse,99.87,True
horse,horse,77.28,True
airplane,airplane,100.0,True
frog,frog,52.94,True
deer,deer,99.9,True
deer,deer,91.25,True
horse,horse,42.01,True
automobile,automobile,99.98,True
deer,deer,38.36,True
ship,truck,65.24,False
deer,deer,99.59,True
dog,dog,75.89,True
truck,truck,99.88,True
deer,deer,99.99,True
frog,frog,99.9,True
frog,frog,99.33,True
horse,horse,99.98,True
ship,ship,99.96,True
dog,dog,99.99,True
truck,truck,83.06,True
bird,bird,98.84,True
dog,dog,99.49,True
bird,bird,58.84,True
deer,deer,99.94,True
dog,dog,97.23,True
frog,frog,96.75,True
deer,deer,86.43,True
airplane,airplane,92.19,True
cat,bird,77.05,False
automobile,automobile,99.37,True
dog,dog,90.68,True
dog,dog,91.76,True
bird,bird,52.56,True
automobile,automobile,99.6,True
bird,bird,61.83,True
airplane,airplane,98.86,True
automobile,automobile,99.98,True
cat,cat,95.44,True
horse,horse,99.98,True
dog,dog,62.65,True
dog,dog,77.81,True
automobile,ship,75.6,False
deer,deer,99.37,True
deer,deer,99.96,True
truck,truck,98.85,True
dog,dog,93.63,True
frog,frog,99.4,True
truck,truck,98.51,True
frog,frog,90.05,True
deer,dog,98.39,False
bird,frog,97.13,False
ship,ship,100.0,True
automobile,automobile,91.28,True
frog,frog,99.98,True
ship,ship,92.32,True
horse,horse,99.99,True
bird,bird,43.34,True
cat,cat,78.82,True
horse,cat,87.59,False
deer,deer,98.23,True
horse,horse,99.79,True
horse,ship,95.73,False
airplane,airplane,96.24,True
airplane,airplane,99.98,True
truck,truck,85.54,True
bird,bird,99.71,True
airplane,airplane,61.97,True
frog,frog,99.94,True
cat,cat,95.48,True
dog,cat,49.92,False
frog,frog,95.31,True
ship,ship,100.0,True
ship,ship,98.68,True
automobile,automobile,99.74,True
airplane,airplane,97.7,True
bird,bird,73.68,True
cat,deer,50.52,False
cat,airplane,53.28,False
ship,ship,100.0,True
dog,bird,40.54,False
frog,frog,97.27,True
ship,ship,99.57,True
dog,frog,60.96,False
truck,automobile,70.73,False
horse,horse,99.65,True
dog,dog,88.51,True
truck,truck,98.29,True
horse,frog,27.59,False
frog,frog,96.76,True
automobile,automobile,99.71,True
airplane,airplane,100.0,True
automobile,automobile,97.76,True
automobile,automobile,100.0,True
cat,cat,52.84,True
dog,dog,69.31,True
airplane,airplane,100.0,True
cat,cat,77.58,True
truck,truck,97.85,True
deer,deer,99.07,True
frog,dog,52.76,False
truck,automobile,99.51,False
deer,deer,80.76,True
automobile,automobile,99.96,True
ship,ship,89.51,True
horse,horse,99.92,True
ship,ship,99.8,True
airplane,airplane,67.58,True
truck,truck,99.93,True
dog,dog,98.77,True
automobile,automobile,94.94,True
deer,bird,42.45,False
airplane,airplane,96.07,True
airplane,airplane,99.43,True
frog,frog,95.43,True
dog,dog,81.98,True
ship,ship,99.99,True
cat,deer,69.51,False
automobile,truck,90.33,False
frog,frog,100.0,True
horse,horse,99.95,True
ship,ship,99.99,True
truck,truck,99.82,True
deer,deer,96.74,True
frog,frog,99.8,True
truck,truck,93.13,True
bird,bird,99.01,True
bird,bird,98.68,True
frog,dog,86.08,False
horse,horse,81.84,True
frog,frog,47.53,True
ship,ship,99.95,True
cat,bird,41.75,False
deer,deer,99.93,True
cat,cat,78.01,True
dog,dog,99.72,True
deer,deer,99.99,True
truck,truck,100.0,True
deer,deer,98.06,True
frog,frog,100.0,True
truck,truck,100.0,True
airplane,horse,49.08,False
deer,horse,67.51,False
ship,ship,99.74,True
cat,cat,97.9,True
horse,horse,87.2,True
truck,truck,94.12,True
truck,truck,99.61,True
frog,frog,99.99,True
bird,bird,96.86,True
automobile,automobile,99.81,True
airplane,airplane,96.27,True
deer,cat,60.04,False
horse,horse,98.93,True
horse,cat,46.59,False
cat,horse,31.86,False
ship,ship,55.91,True
cat,dog,70.07,False
ship,ship,99.97,True
cat,cat,64.35,True
dog,dog,90.32,True
ship,ship,99.07,True
ship,ship,100.0,True
horse,cat,61.17,False
frog,horse,55.42,False
truck,truck,100.0,True
automobile,automobile,84.65,True
cat,bird,76.65,False
dog,cat,87.3,False
horse,horse,99.89,True
horse,horse,99.77,True
dog,dog,98.04,True
dog,dog,73.95,True
dog,dog,56.21,True
bird,bird,99.87,True
frog,frog,99.95,True
frog,frog,100.0,True
airplane,airplane,99.53,True
bird,bird,89.1,True
truck,truck,42.32,True
frog,frog,94.36,True
frog,frog,99.12,True
automobile,truck,96.71,False
horse,horse,99.45,True
bird,bird,69.07,True
bird,deer,62.9,False
ship,ship,99.81,True
horse,horse,99.99,True
automobile,automobile,97.75,True
cat,cat,90.06,True
deer,deer,99.52,True
cat,cat,84.93,True
dog,dog,96.8,True
airplane,airplane,99.88,True
automobile,automobile,99.81,True
ship,airplane,53.57,False
dog,dog,98.11,True
automobile,automobile,89.18,True
deer,deer,95.47,True
truck,truck,43.26,True
truck,truck,99.95,True
automobile,automobile,40.71,True
horse,horse,99.5,True
ship,ship,90.32,True
truck,truck,99.86,True
cat,deer,42.2,False
ship,truck,50.14,False
horse,horse,100.0,True
automobile,automobile,94.18,True
bird,airplane,63.64,False
frog,frog,99.92,True
dog,cat,90.2,False
frog,frog,97.54,True
frog,deer,63.01,False
automobile,automobile,99.53,True
automobile,automobile,99.32,True
ship,ship,90.31,True
automobile,automobile,95.83,True
cat,cat,44.35,True
deer,dog,71.68,False
truck,automobile,55.62,False
dog,dog,98.62,True
deer,deer,61.96,True
automobile,automobile,99.87,True
airplane,airplane,81.38,True
ship,ship,99.99,True
dog,dog,58.94,True
automobile,automobile,99.54,True
frog,frog,99.98,True
dog,cat,55.81,False
horse,horse,99.94,True
horse,cat,87.9,False
deer,deer,97.18,True
ship,ship,99.79,True
cat,bird,85.55,False
frog,bird,45.56,False
airplane,airplane,99.97,True
truck,automobile,60.1,False
deer,deer,99.51,True
cat,frog,36.79,False
ship,ship,81.64,True
horse,deer,48.58,False
airplane,airplane,99.19,True
automobile,automobile,99.19,True
bird,bird,77.37,True
truck,truck,99.55,True
ship,ship,99.81,True
horse,cat,90.15,False
truck,truck,100.0,True
cat,cat,78.69,True
dog,dog,91.88,True
frog,frog,100.0,True
horse,horse,99.85,True
ship,ship,99.97,True
cat,cat,85.03,True
ship,ship,99.97,True
truck,cat,84.43,False
truck,truck,99.94,True
deer,deer,80.46,True
frog,frog,99.89,True
ship,ship,65.42,True
horse,horse,70.25,True
ship,ship,98.52,True
dog,dog,92.55,True
cat,automobile,91.23,False
deer,deer,59.79,True
airplane,frog,62.17,False
ship,ship,98.35,True
automobile,automobile,84.73,True
airplane,airplane,99.73,True
ship,ship,99.97,True
cat,cat,68.28,True
ship,ship,98.64,True
truck,truck,98.84,True
horse,horse,95.06,True
truck,truck,93.71,True
dog,dog,86.18,True
horse,horse,78.39,True
cat,dog,84.32,False
dog,deer,70.51,False
frog,frog,99.96,True
deer,deer,54.82,True
horse,horse,99.95,True
deer,dog,52.81,False
horse,horse,99.84,True
frog,frog,95.52,True
truck,truck,100.0,True
airplane,airplane,85.46,True
horse,horse,98.78,True
dog,dog,55.62,True
dog,bird,46.04,False
horse,horse,100.0,True
dog,dog,85.26,True
frog,frog,99.46,True
dog,dog,97.97,True
deer,deer,92.72,True
deer,truck,65.15,False
cat,cat,65.19,True
ship,ship,99.97,True
dog,dog,93.5,True
horse,horse,67.89,True
bird,airplane,72.21,False
ship,ship,99.96,True
ship,ship,77.69,True
automobile,automobile,90.17,True
dog,horse,97.59,False
ship,ship,99.23,True
deer,deer,64.87,True
bird,bird,95.52,True
automobile,automobile,99.96,True
ship,ship,99.98,True
frog,frog,99.88,True
ship,ship,62.66,True
bird,bird,99.79,True
truck,truck,100.0,True
dog,dog,97.64,True
cat,cat,99.51,True
ship,ship,99.93,True
bird,bird,93.45,True
deer,bird,54.87,False
horse,horse,99.73,True
automobile,automobile,97.25,True
frog,deer,47.37,False
cat,frog,61.43,False
ship,ship,99.96,True
ship,ship,99.81,True
truck,truck,99.94,True
truck,truck,91.75,True
truck,truck,99.95,True
automobile,automobile,98.56,True
truck,truck,99.61,True
frog,frog,99.98,True
cat,dog,74.52,False
cat,cat,70.48,True
bird,dog,52.14,False
automobile,automobile,99.93,True
ship,deer,47.37,False
bird,bird,94.1,True
horse,horse,99.15,True
deer,deer,90.92,True
frog,frog,72.46,True
dog,dog,99.99,True
deer,deer,86.88,True
dog,dog,94.23,True
automobile,automobile,98.99,True
airplane,airplane,93.62,True
bird,bird,99.87,True
deer,horse,38.08,False
automobile,automobile,99.16,True
dog,dog,92.07,True
automobile,automobile,69.1,True
cat,dog,83.38,False
truck,truck,97.02,True
airplane,airplane,99.79,True
ship,ship,99.65,True
horse,horse,80.55,True
bird,bird,89.1,True
dog,dog,100.0,True
truck,truck,99.97,True
frog,frog,99.97,True
bird,bird,99.74,True
truck,airplane,93.19,False
deer,horse,80.24,False
deer,deer,98.29,True
dog,cat,99.25,False
airplane,airplane,99.97,True
truck,truck,99.98,True
truck,truck,99.66,True
horse,horse,97.1,True
frog,frog,99.97,True
deer,deer,98.55,True
horse,horse,72.38,True
horse,horse,99.97,True
horse,horse,81.94,True
bird,bird,89.52,True
automobile,automobile,99.03,True
truck,truck,98.27,True
frog,frog,98.5,True
frog,frog,74.85,True
ship,ship,86.47,True
truck,truck,99.99,True
frog,frog,99.27,True
deer,deer,83.49,True
truck,truck,89.8,True
dog,bird,56.85,False
cat,cat,96.83,True
airplane,airplane,99.99,True
automobile,automobile,83.26,True
dog,dog,98.0,True
truck,truck,99.99,True
airplane,airplane,55.64,True
automobile,automobile,97.62,True
deer,deer,67.72,True
automobile,ship,84.07,False
automobile,automobile,95.86,True
frog,frog,99.63,True
ship,ship,47.74,True
deer,deer,98.45,True
cat,cat,85.15,True
truck,truck,95.1,True
frog,frog,84.71,True
ship,ship,98.78,True
horse,horse,99.97,True
automobile,automobile,80.11,True
automobile,automobile,90.83,True
dog,dog,99.99,True
truck,truck,99.93,True
cat,cat,74.63,True
horse,horse,92.58,True
ship,ship,99.97,True
automobile,automobile,99.32,True
dog,dog,94.95,True
airplane,airplane,98.38,True
airplane,airplane,79.24,True
automobile,automobile,95.42,True
deer,deer,99.94,True
deer,cat,46.42,False
horse,horse,99.15,True
cat,cat,98.87,True
truck,truck,99.92,True
horse,horse,99.54,True
horse,horse,99.97,True
dog,cat,79.94,False
truck,truck,92.89,True
automobile,automobile,47.12,True
horse,horse,100.0,True
cat,cat,74.02,True
frog,frog,99.86,True
automobile,automobile,98.12,True
horse,horse,66.21,True
truck,truck,45.19,True
ship,ship,99.99,True
cat,dog,68.81,False
bird,bird,96.53,True
automobile,automobile,99.4,True
automobile,automobile,98.73,True
frog,frog,99.91,True
automobile,automobile,97.81,True
dog,horse,35.42,False
bird,bird,99.36,True
bird,bird,98.76,True
airplane,airplane,99.9,True
truck,truck,97.52,True
frog,frog,98.28,True
truck,truck,72.51,True
frog,frog,99.96,True
dog,dog,99.25,True
ship,ship,98.79,True
horse,horse,98.96,True
frog,frog,81.81,True
truck,truck,99.66,True
ship,ship,92.11,True
dog,cat,85.18,False
frog,frog,99.82,True
frog,frog,99.93,True
bird,bird,97.83,True
bird,bird,99.69,True
truck,truck,99.96,True
frog,frog,99.82,True
automobile,automobile,98.96,True
airplane,airplane,48.41,True
deer,deer,89.06,True
horse,horse,99.73,True
automobile,automobile,96.13,True
horse,horse,99.86,True
automobile,automobile,97.38,True
ship,ship,99.81,True
automobile,cat,53.38,False
dog,dog,90.37,True
airplane,airplane,99.81,True
deer,cat,67.76,False
horse,horse,98.63,True
horse,horse,98.62,True
truck,ship,75.34,False
bird,bird,100.0,True
cat,airplane,79.53,False
cat,cat,88.83,True
ship,ship,99.93,True
automobile,automobile,45.63,True
horse,horse,99.97,True
bird,bird,94.42,True
cat,cat,92.76,True
frog,frog,99.98,True
frog,frog,99.79,True
airplane,airplane,93.66,True
frog,frog,88.63,True
horse,horse,78.94,True
bird,bird,92.04,True
bird,bird,95.06,True
frog,frog,87.7,True
airplane,airplane,51.79,True
truck,truck,94.85,True
horse,horse,100.0,True
ship,ship,99.74,True
frog,frog,100.0,True
cat,cat,97.34,True
automobile,automobile,68.63,True
automobile,automobile,99.85,True
dog,dog,95.52,True
dog,dog,83.65,True
frog,frog,99.96,True
cat,cat,59.18,True
bird,bird,96.1,True
dog,dog,63.28,True
frog,bird,86.11,False
airplane,airplane,98.34,True
cat,cat,69.81,True
automobile,automobile,99.54,True
truck,truck,93.68,True
airplane,airplane,98.69,True
ship,ship,100.0,True
airplane,airplane,98.7,True
deer,deer,36.23,True
dog,dog,99.92,True
frog,frog,99.95,True
automobile,automobile,85.73,True
dog,dog,77.2,True
bird,bird,98.98,True
automobile,automobile,95.48,True
horse,horse,95.45,True
cat,cat,71.21,True
automobile,automobile,97.61,True
cat,dog,99.84,False
ship,ship,99.55,True
deer,deer,96.92,True
ship,ship,99.62,True
deer,airplane,87.62,False
airplane,airplane,99.96,True
airplane,airplane,99.95,True
horse,horse,97.39,True
horse,horse,47.02,True
airplane,airplane,97.87,True
dog,dog,99.96,True
bird,bird,57.27,True
automobile,automobile,99.65,True
automobile,automobile,99.97,True
horse,horse,99.96,True
frog,frog,90.85,True
airplane,airplane,100.0,True
frog,frog,99.09,True
cat,cat,42.2,True
horse,horse,96.93,True
deer,truck,20.82,False
truck,truck,98.82,True
truck,truck,98.73,True
ship,ship,99.99,True
dog,cat,80.31,False
horse,horse,97.17,True
horse,horse,99.86,True
bird,bird,97.27,True
horse,horse,97.82,True
ship,ship,99.98,True
dog,dog,99.97,True
airplane,airplane,98.47,True
deer,deer,96.37,True
bird,horse,57.77,False
frog,frog,92.9,True
airplane,airplane,64.52,True
dog,dog,77.38,True
horse,horse,99.78,True
bird,cat,39.09,False
horse,horse,88.71,True
dog,cat,92.64,False
truck,truck,97.42,True
ship,ship,99.98,True
automobile,automobile,99.92,True
frog,frog,97.69,True
horse,horse,96.71,True
dog,deer,41.38,False
bird,bird,97.64,True
ship,ship,46.38,True
cat,cat,99.84,True
airplane,frog,78.22,False
frog,frog,100.0,True
frog,frog,96.38,True
frog,frog,82.92,True
frog,frog,100.0,True
cat,cat,31.6,True
bird,bird,93.93,True
automobile,automobile,99.17,True
airplane,airplane,99.5,True
automobile,automobile,70.08,True
deer,bird,51.76,False
deer,horse,81.65,False
deer,deer,50.96,True
bird,bird,98.12,True
truck,truck,99.76,True
bird,bird,99.98,True
dog,cat,49.31,False
ship,ship,99.99,True
ship,ship,99.94,True
airplane,airplane,100.0,True
cat,bird,67.04,False
ship,ship,99.94,True
automobile,truck,52.22,False
truck,truck,98.19,True
bird,bird,97.92,True
dog,dog,97.36,True
truck,truck,99.96,True
frog,frog,99.97,True
horse,bird,49.12,False
automobile,automobile,99.91,True
frog,frog,96.59,True
bird,frog,89.2,False
bird,bird,52.14,True
frog,frog,99.93,True
automobile,truck,69.26,False
airplane,airplane,67.87,True
automobile,truck,87.83,False
frog,frog,99.52,True
dog,dog,97.8,True
horse,horse,99.96,True
automobile,automobile,98.58,True
ship,ship,82.3,True
ship,ship,99.97,True
truck,truck,99.93,True
frog,deer,46.44,False
airplane,airplane,65.21,True
cat,horse,99.53,False
bird,bird,54.23,True
dog,dog,91.04,True
airplane,airplane,99.93,True
cat,cat,92.65,True
frog,frog,33.93,True
deer,deer,92.81,True
ship,ship,99.85,True
automobile,automobile,98.27,True
dog,dog,76.57,True
airplane,automobile,61.65,False
airplane,airplane,99.98,True
horse,horse,94.42,True
truck,truck,99.77,True
automobile,truck,72.99,False
dog,dog,77.61,True
frog,frog,99.99,True
cat,cat,99.81,True
airplane,airplane,99.21,True
horse,horse,99.51,True
airplane,airplane,97.14,True
dog,cat,66.84,False
bird,bird,98.99,True
cat,cat,51.1,True
dog,dog,92.35,True
frog,frog,98.31,True
ship,ship,70.44,True
automobile,automobile,99.99,True
dog,dog,97.15,True
automobile,automobile,96.49,True
cat,deer,97.92,False
dog,cat,42.72,False
ship,ship,96.7,True
dog,cat,61.98,False
airplane,airplane,96.65,True
deer,deer,99.98,True
truck,truck,99.91,True
truck,truck,98.46,True
dog,bird,68.98,False
cat,cat,92.67,True
frog,frog,100.0,True
automobile,automobile,54.22,True
dog,dog,50.09,True
bird,bird,99.64,True
horse,horse,99.82,True
deer,deer,94.39,True
bird,bird,99.7,True
deer,deer,99.99,True
automobile,automobile,99.88,True
deer,deer,86.66,True
airplane,airplane,95.09,True
airplane,airplane,99.11,True
airplane,airplane,93.26,True
frog,frog,99.98,True
frog,frog,97.41,True
cat,cat,75.81,True
bird,bird,97.6,True
truck,truck,99.99,True
cat,cat,68.12,True
truck,truck,99.98,True
frog,frog,88.62,True
dog,dog,99.74,True
frog,frog,97.75,True
airplane,airplane,95.57,True
truck,truck,99.99,True
deer,deer,100.0,True
ship,ship,100.0,True
dog,dog,83.77,True
cat,cat,59.02,True
deer,deer,99.88,True
cat,cat,98.2,True
cat,cat,62.76,True
frog,frog,99.74,True
cat,cat,96.54,True
automobile,automobile,99.98,True
ship,ship,99.01,True
deer,deer,99.83,True
dog,dog,98.95,True
horse,horse,85.51,True
horse,deer,68.87,False
frog,frog,100.0,True
airplane,airplane,98.53,True
deer,deer,78.1,True
automobile,automobile,99.97,True
bird,bird,96.49,True
horse,horse,99.99,True
ship,dog,43.34,False
frog,frog,99.99,True
horse,horse,99.96,True
airplane,airplane,99.98,True
automobile,truck,81.54,False
cat,cat,95.38,True
bird,bird,100.0,True
dog,automobile,64.09,False
truck,truck,95.52,True
automobile,automobile,99.93,True
automobile,automobile,99.68,True
deer,horse,43.2,False
airplane,airplane,99.63,True
horse,horse,84.17,True
truck,truck,69.09,True
cat,dog,57.37,False
airplane,airplane,50.03,True
ship,frog,61.27,False
airplane,ship,93.94,False
airplane,airplane,48.89,True
airplane,airplane,99.57,True
automobile,automobile,75.48,True
cat,dog,87.3,False
dog,dog,99.91,True
dog,dog,98.94,True
ship,ship,98.73,True
cat,cat,96.95,True
automobile,truck,85.8,False
airplane,ship,98.53,False
frog,frog,97.8,True
dog,dog,98.12,True
airplane,dog,44.19,False
horse,horse,73.62,True
frog,frog,97.95,True
horse,horse,99.74,True
dog,dog,98.94,True
truck,truck,99.72,True
dog,dog,99.67,True
airplane,airplane,99.97,True
bird,airplane,96.24,False
horse,horse,93.15,True
horse,horse,80.64,True
bird,bird,99.33,True
automobile,automobile,98.08,True
horse,horse,99.95,True
automobile,automobile,84.96,True
bird,bird,100.0,True
cat,cat,54.78,True
deer,deer,98.81,True
cat,ship,63.12,False
ship,ship,99.94,True
automobile,automobile,99.75,True
frog,frog,95.61,True
truck,truck,98.39,True
dog,dog,99.65,True
horse,horse,98.29,True
dog,dog,38.23,True
frog,frog,100.0,True
bird,dog,45.38,False
airplane,airplane,99.99,True
ship,airplane,64.46,False
truck,truck,99.99,True
truck,truck,95.16,True
deer,deer,59.15,True
cat,cat,61.64,True
frog,frog,99.94,True
airplane,airplane,55.55,True
frog,frog,99.99,True
bird,bird,99.92,True
automobile,automobile,99.81,True
truck,truck,99.99,True
cat,cat,98.2,True
horse,horse,73.03,True
frog,bird,53.54,False
truck,truck,99.98,True
truck,truck,90.54,True
horse,horse,87.19,True
horse,horse,99.99,True
cat,frog,97.22,False
deer,deer,99.95,True
dog,cat,82.09,False
cat,cat,63.48,True
bird,bird,97.17,True
airplane,airplane,93.45,True
cat,cat,97.49,True
bird,bird,97.79,True
airplane,airplane,55.82,True
deer,deer,99.72,True
cat,cat,81.49,True
truck,truck,99.03,True
cat,cat,58.8,True
dog,dog,99.7,True
cat,cat,89.09,True
airplane,airplane,49.58,True
bird,bird,41.49,True
truck,truck,76.84,True
automobile,ship,66.77,False
truck,truck,97.62,True
airplane,airplane,99.62,True
automobile,automobile,99.99,True
horse,horse,98.4,True
automobile,automobile,68.69,True
ship,ship,99.6,True
airplane,airplane,93.24,True
frog,frog,99.74,True
frog,frog,98.17,True
airplane,airplane,97.9,True
truck,truck,89.82,True
deer,deer,91.01,True
deer,horse,94.81,False
deer,deer,99.83,True
cat,dog,97.43,False
ship,ship,99.86,True
automobile,automobile,90.27,True
dog,deer,96.2,False
cat,cat,65.14,True
airplane,airplane,99.94,True
bird,bird,99.95,True
horse,horse,99.51,True
ship,ship,99.78,True
dog,dog,99.24,True
automobile,automobile,98.84,True
deer,deer,98.51,True
truck,truck,100.0,True
truck,truck,98.71,True
dog,dog,60.13,True
cat,cat,62.28,True
dog,cat,87.04,False
dog,dog,98.72,True
bird,dog,46.96,False
airplane,airplane,90.63,True
frog,frog,99.99,True
automobile,automobile,65.24,True
truck,truck,99.94,True
deer,deer,99.66,True
frog,frog,98.34,True
cat,deer,34.58,False
truck,truck,97.47,True
ship,ship,97.14,True
airplane,truck,89.26,False
ship,ship,99.85,True
cat,cat,90.9,True
airplane,airplane,91.29,True
airplane,airplane,99.86,True
deer,deer,99.51,True
cat,cat,57.03,True
ship,ship,99.93,True
deer,deer,98.82,True
bird,bird,99.97,True
dog,dog,59.65,True
airplane,airplane,99.96,True
bird,airplane,80.89,False
dog,cat,48.79,False
dog,dog,99.87,True
airplane,truck,71.57,False
horse,horse,99.99,True
deer,deer,50.36,True
dog,dog,43.46,True
deer,cat,74.75,False
frog,bird,68.11,False
automobile,automobile,95.91,True
cat,cat,67.67,True
cat,cat,98.44,True
truck,truck,70.02,True
dog,cat,66.49,False
cat,dog,59.1,False
cat,dog,95.25,False
frog,frog,99.74,True
truck,truck,99.61,True
dog,truck,47.17,False
deer,deer,97.19,True
airplane,ship,56.44,False
automobile,automobile,93.45,True
ship,ship,99.56,True
airplane,airplane,87.89,True
cat,cat,92.41,True
airplane,airplane,97.67,True
dog,dog,93.05,True
truck,truck,100.0,True
horse,horse,99.9,True
deer,bird,77.62,False
automobile,airplane,74.6,False
deer,deer,99.78,True
automobile,automobile,99.98,True
airplane,airplane,98.46,True
airplane,airplane,99.82,True
horse,horse,100.0,True
ship,ship,83.19,True
deer,deer,93.91,True
cat,airplane,88.19,False
dog,dog,38.75,True
frog,frog,99.99,True
frog,ship,36.02,False
truck,truck,100.0,True
horse,horse,98.93,True
frog,frog,99.98,True
bird,bird,85.41,True
deer,deer,94.98,True
horse,horse,99.98,True
airplane,deer,48.99,False
truck,truck,100.0,True
horse,horse,75.84,True
deer,deer,99.96,True
dog,dog,92.72,True
ship,ship,99.99,True
airplane,ship,95.4,False
frog,frog,99.99,True
truck,horse,35.91,False
dog,dog,63.44,True
ship,automobile,72.75,False
dog,dog,82.06,True
truck,truck,92.27,True
dog,dog,99.35,True
automobile,automobile,99.99,True
ship,ship,99.7,True
frog,frog,99.6,True
deer,deer,98.22,True
frog,frog,52.64,True
horse,horse,99.98,True
automobile,automobile,95.53,True
cat,cat,88.2,True
cat,cat,95.49,True
frog,frog,99.55,True
ship,ship,91.79,True
horse,horse,99.93,True
bird,bird,98.79,True
bird,bird,96.96,True
automobile,automobile,93.98,True
deer,deer,99.96,True
cat,cat,99.59,True
airplane,airplane,93.05,True
ship,ship,99.99,True
ship,ship,100.0,True
airplane,airplane,98.4,True
bird,bird,95.24,True
truck,truck,96.71,True
bird,bird,96.08,True
automobile,truck,64.1,False
bird,bird,98.85,True
bird,bird,98.92,True
cat,cat,61.26,True
bird,bird,49.47,True
deer,deer,70.93,True
ship,ship,99.08,True
bird,airplane,83.62,False
horse,horse,99.97,True
automobile,automobile,99.94,True
automobile,automobile,99.98,True
automobile,automobile,99.66,True
cat,horse,67.26,False
cat,dog,58.31,False
horse,horse,99.98,True
horse,horse,92.57,True
truck,truck,88.81,True
cat,cat,71.83,True
ship,ship,99.42,True
dog,dog,99.87,True
airplane,airplane,99.65,True
horse,horse,99.99,True
airplane,airplane,49.36,True
ship,ship,99.99,True
airplane,airplane,100.0,True
frog,frog,99.98,True
deer,deer,99.98,True
deer,deer,87.91,True
frog,frog,99.85,True
dog,bird,63.47,False
deer,frog,40.19,False
deer,horse,97.48,False
deer,deer,93.59,True
horse,horse,40.25,True
ship,deer,28.9,False
bird,frog,56.93,False
dog,cat,93.05,False
cat,dog,68.48,False
frog,frog,59.27,True
frog,frog,99.96,True
cat,cat,93.17,True
cat,frog,39.22,False
ship,ship,99.59,True
frog,frog,96.22,True
deer,deer,58.83,True
bird,bird,98.49,True
deer,deer,74.34,True
dog,dog,99.77,True
deer,deer,99.85,True
deer,deer,99.94,True
cat,frog,58.57,False
dog,dog,92.76,True
horse,horse,100.0,True
horse,horse,96.6,True
truck,truck,82.48,True
horse,horse,68.4,True
horse,horse,99.71,True
ship,ship,95.12,True
deer,deer,99.95,True
frog,frog,99.87,True
horse,horse,98.61,True
automobile,automobile,99.79,True
ship,ship,99.98,True
cat,cat,72.69,True
horse,horse,99.83,True
dog,dog,91.56,True
cat,deer,53.03,False
ship,ship,98.14,True
deer,deer,94.62,True
dog,dog,99.99,True
dog,dog,83.05,True
automobile,automobile,99.98,True
dog,dog,62.9,True
deer,deer,100.0,True
automobile,automobile,99.11,True
automobile,automobile,100.0,True
dog,dog,90.45,True
cat,cat,93.26,True
deer,deer,99.13,True
cat,cat,64.13,True
frog,frog,100.0,True
cat,cat,81.0,True
bird,bird,94.92,True
dog,dog,95.72,True
frog,frog,99.99,True
deer,deer,99.69,True
frog,automobile,98.69,False
cat,bird,76.18,False
frog,frog,74.07,True
frog,frog,100.0,True
dog,cat,78.22,False
automobile,automobile,99.96,True
airplane,airplane,99.55,True
cat,cat,91.56,True
frog,cat,58.44,False
cat,cat,74.02,True
automobile,automobile,98.62,True
deer,deer,99.5,True
cat,bird,64.19,False
ship,ship,99.91,True
dog,dog,86.57,True
ship,ship,99.89,True
dog,cat,60.07,False
bird,bird,92.68,True
airplane,bird,59.66,False
deer,deer,85.55,True
ship,automobile,84.82,False
cat,cat,94.56,True
automobile,automobile,99.77,True
airplane,airplane,99.68,True
horse,horse,90.12,True
cat,cat,91.21,True
dog,dog,66.18,True
bird,bird,61.82,True
dog,dog,55.24,True
bird,bird,99.89,True
bird,frog,93.54,False
airplane,airplane,85.37,True
truck,truck,99.91,True
horse,horse,55.94,True
dog,dog,96.31,True
cat,cat,71.91,True
ship,ship,99.98,True
automobile,cat,68.5,False
horse,horse,99.99,True
airplane,airplane,94.98,True
truck,truck,89.76,True
deer,cat,74.45,False
ship,ship,99.65,True
airplane,airplane,96.87,True
automobile,automobile,93.35,True
airplane,airplane,99.99,True
ship,ship,95.16,True
cat,cat,74.76,True
airplane,airplane,77.96,True
cat,dog,31.83,False
dog,dog,74.09,True
frog,frog,100.0,True
truck,truck,77.56,True
bird,airplane,55.31,False
dog,cat,48.96,False
frog,frog,99.99,True
automobile,airplane,35.27,False
deer,deer,94.65,True
horse,horse,95.82,True
truck,airplane,63.31,False
frog,frog,99.47,True
bird,cat,46.56,False
airplane,airplane,77.2,True
bird,bird,99.96,True
dog,horse,63.88,False
cat,horse,98.64,False
ship,ship,84.77,True
truck,truck,95.97,True
deer,deer,99.64,True
airplane,airplane,99.58,True
dog,dog,99.76,True
horse,horse,96.06,True
truck,truck,99.35,True
truck,truck,99.81,True
bird,bird,95.92,True
frog,frog,99.83,True
bird,bird,99.12,True
horse,horse,99.7,True
ship,ship,99.94,True
cat,cat,76.16,True
ship,ship,93.14,True
dog,dog,66.08,True
truck,truck,97.4,True
airplane,airplane,99.99,True
automobile,automobile,80.8,True
automobile,automobile,99.0,True
dog,dog,90.21,True
cat,cat,53.52,True
dog,dog,88.78,True
horse,horse,94.4,True
airplane,airplane,99.48,True
bird,bird,65.93,True
horse,horse,99.66,True
automobile,automobile,97.63,True
cat,cat,98.74,True
ship,ship,68.22,True
ship,ship,99.98,True
dog,dog,98.43,True
truck,truck,99.87,True
dog,dog,97.23,True
truck,truck,99.9,True
airplane,airplane,86.91,True
dog,dog,83.26,True
airplane,airplane,99.7,True
airplane,cat,50.11,False
frog,frog,99.8,True
airplane,airplane,99.99,True
ship,ship,99.14,True
truck,truck,100.0,True
dog,dog,97.62,True
frog,dog,37.19,False
bird,bird,99.9,True
truck,truck,99.7,True
deer,deer,99.51,True
dog,dog,98.39,True
truck,truck,99.99,True
frog,frog,92.22,True
cat,truck,32.53,False
cat,cat,97.12,True
horse,horse,99.93,True
horse,horse,100.0,True
airplane,airplane,99.93,True
frog,frog,91.05,True
truck,truck,100.0,True
horse,horse,99.24,True
truck,truck,100.0,True
ship,ship,99.44,True
bird,bird,77.25,True
automobile,automobile,97.42,True
ship,ship,99.93,True
deer,deer,92.32,True
ship,ship,99.98,True
frog,frog,100.0,True
truck,automobile,86.84,False
airplane,airplane,100.0,True
dog,dog,99.27,True
ship,ship,97.71,True
airplane,airplane,90.1,True
horse,dog,45.1,False
bird,bird,94.45,True
frog,frog,83.74,True
airplane,airplane,95.03,True
airplane,airplane,99.51,True
cat,cat,98.13,True
automobile,automobile,99.89,True
deer,deer,99.36,True
ship,ship,99.64,True
automobile,automobile,99.88,True
frog,frog,99.34,True
deer,deer,61.38,True
ship,ship,99.95,True
truck,automobile,90.43,False
automobile,automobile,99.92,True
deer,deer,99.92,True
dog,dog,99.42,True
frog,frog,70.73,True
horse,horse,98.85,True
truck,truck,88.6,True
frog,frog,99.92,True
airplane,airplane,91.85,True
deer,deer,98.85,True
ship,ship,100.0,True
ship,ship,99.61,True
ship,ship,93.47,True
frog,frog,99.63,True
deer,horse,91.64,False
truck,ship,95.76,False
bird,bird,96.74,True
deer,deer,99.55,True
truck,truck,99.89,True
deer,deer,98.66,True
airplane,airplane,85.35,True
airplane,airplane,93.18,True
truck,truck,100.0,True
cat,dog,36.8,False
ship,ship,99.92,True
cat,cat,99.18,True
airplane,airplane,99.13,True
frog,frog,99.99,True
automobile,automobile,99.1,True
deer,deer,97.77,True
ship,ship,100.0,True
automobile,automobile,89.96,True
deer,deer,99.45,True
frog,frog,94.12,True
cat,cat,98.11,True
automobile,automobile,81.36,True
deer,deer,99.34,True
cat,cat,86.42,True
deer,deer,99.63,True
ship,ship,99.92,True
horse,horse,99.65,True
bird,airplane,70.71,False
bird,deer,54.15,False
automobile,automobile,99.76,True
deer,deer,99.89,True
ship,ship,99.99,True
horse,horse,99.98,True
dog,dog,76.17,True
deer,deer,99.62,True
horse,horse,99.91,True
horse,horse,87.0,True
dog,truck,69.72,False
truck,truck,95.9,True
ship,ship,97.04,True
airplane,automobile,91.38,False
cat,cat,95.4,True
cat,cat,96.53,True
frog,frog,99.96,True
frog,frog,99.43,True
airplane,airplane,98.82,True
frog,frog,99.9,True
frog,frog,99.96,True
frog,frog,99.93,True
horse,deer,41.79,False
bird,bird,95.93,True
airplane,airplane,73.85,True
frog,frog,100.0,True
cat,deer,75.43,False
frog,frog,98.38,True
horse,horse,98.4,True
cat,cat,49.32,True
truck,automobile,52.83,False
ship,ship,99.85,True
bird,bird,48.91,True
dog,bird,68.27,False
truck,truck,97.28,True
cat,cat,44.89,True
dog,dog,55.24,True
airplane,airplane,84.13,True
cat,dog,50.46,False
ship,ship,99.99,True
truck,truck,70.56,True
truck,truck,99.93,True
truck,truck,82.63,True
cat,cat,99.87,True
deer,deer,99.71,True
automobile,automobile,96.9,True
cat,cat,95.52,True
deer,deer,85.55,True
frog,frog,99.98,True
frog,frog,100.0,True
horse,cat,73.47,False
deer,deer,50.34,True
bird,frog,62.19,False
truck,truck,99.96,True
cat,frog,35.6,False
deer,deer,99.77,True
horse,horse,99.76,True
deer,cat,72.52,False
dog,dog,98.89,True
truck,truck,99.96,True
automobile,automobile,99.48,True
cat,cat,87.16,True
deer,frog,79.66,False
dog,cat,69.98,False
airplane,airplane,67.9,True
dog,dog,76.75,True
deer,deer,98.23,True
deer,deer,98.86,True
horse,cat,58.98,False
automobile,automobile,99.62,True
truck,truck,99.9,True
automobile,automobile,99.56,True
cat,deer,62.84,False
frog,frog,100.0,True
cat,cat,91.84,True
horse,horse,94.5,True
airplane,airplane,98.08,True
deer,deer,96.6,True
dog,dog,56.24,True
dog,bird,45.8,False
dog,cat,63.7,False
airplane,airplane,99.92,True
dog,cat,98.51,False
horse,horse,98.07,True
truck,automobile,85.71,False
cat,deer,47.88,False
truck,truck,99.99,True
automobile,truck,91.81,False
truck,truck,99.88,True
horse,horse,99.99,True
frog,frog,98.12,True
frog,frog,99.92,True
airplane,airplane,99.89,True
horse,horse,99.47,True
bird,bird,99.76,True
automobile,automobile,98.66,True
dog,dog,99.59,True
airplane,airplane,89.73,True
airplane,airplane,89.91,True
automobile,automobile,99.98,True
cat,cat,96.48,True
cat,cat,75.98,True
automobile,automobile,97.38,True
deer,deer,95.0,True
horse,horse,62.9,True
automobile,automobile,99.79,True
frog,frog,92.36,True
cat,cat,80.36,True
truck,deer,85.18,False
deer,deer,99.95,True
airplane,airplane,98.65,True
dog,cat,92.78,False
deer,deer,83.13,True
dog,dog,82.27,True
frog,cat,48.05,False
airplane,airplane,99.98,True
automobile,automobile,99.83,True
frog,frog,98.93,True
ship,ship,97.12,True
horse,horse,99.78,True
cat,cat,56.07,True
truck,truck,99.94,True
ship,ship,99.97,True
cat,deer,49.45,False
ship,ship,98.3,True
bird,bird,99.6,True
truck,truck,100.0,True
frog,frog,99.31,True
truck,truck,99.29,True
frog,frog,84.35,True
dog,dog,99.81,True
bird,bird,77.42,True
bird,bird,95.41,True
bird,bird,99.99,True
cat,cat,92.51,True
dog,dog,96.34,True
frog,frog,99.98,True
cat,cat,99.9,True
automobile,automobile,76.14,True
horse,horse,94.28,True
horse,horse,75.76,True
cat,cat,97.06,True
automobile,airplane,62.61,False
dog,dog,72.98,True
cat,cat,79.47,True
dog,cat,70.72,False
frog,frog,99.98,True
dog,dog,98.85,True
cat,bird,81.09,False
dog,dog,88.07,True
bird,bird,64.87,True
bird,bird,98.1,True
bird,bird,39.57,True
cat,cat,95.81,True
automobile,automobile,60.06,True
bird,bird,55.83,True
truck,truck,100.0,True
frog,frog,94.13,True
frog,frog,99.54,True
bird,airplane,96.24,False
bird,bird,95.54,True
bird,bird,99.95,True
airplane,airplane,96.8,True
airplane,airplane,94.09,True
truck,truck,99.4,True
cat,cat,97.27,True
automobile,automobile,94.45,True
truck,truck,99.82,True
frog,frog,99.97,True
frog,cat,40.26,False
bird,bird,96.4,True
horse,horse,99.37,True
cat,dog,56.31,False
truck,truck,99.9,True
ship,ship,90.95,True
airplane,airplane,100.0,True
bird,bird,99.98,True
ship,ship,99.91,True
automobile,automobile,99.76,True
frog,frog,99.64,True
airplane,airplane,90.15,True
deer,deer,99.99,True
ship,ship,97.63,True
cat,frog,61.65,False
deer,deer,95.5,True
dog,cat,66.38,False
automobile,automobile,71.74,True
automobile,ship,79.25,False
truck,truck,67.92,True
bird,bird,99.11,True
airplane,airplane,55.58,True
ship,ship,87.57,True
frog,automobile,48.88,False
cat,cat,79.26,True
truck,truck,99.94,True
horse,horse,99.84,True
airplane,airplane,65.45,True
dog,horse,72.71,False
deer,deer,97.18,True
cat,cat,85.09,True
truck,truck,97.73,True
horse,horse,95.77,True
truck,truck,100.0,True
dog,dog,99.22,True
horse,horse,97.62,True
truck,truck,100.0,True
deer,deer,99.85,True
cat,deer,88.28,False
horse,cat,49.78,False
horse,horse,98.53,True
deer,deer,38.11,True
bird,deer,51.92,False
deer,deer,99.4,True
ship,ship,90.25,True
automobile,automobile,99.91,True
airplane,airplane,97.21,True
bird,bird,92.44,True
bird,deer,85.89,False
deer,deer,99.2,True
bird,bird,91.81,True
ship,ship,99.59,True
frog,frog,99.38,True
horse,horse,99.71,True
airplane,bird,58.79,False
dog,dog,86.82,True
truck,truck,100.0,True
deer,deer,99.87,True
airplane,airplane,99.97,True
ship,ship,99.86,True
deer,deer,94.68,True
truck,truck,99.29,True
dog,dog,99.98,True
frog,frog,95.25,True
frog,frog,99.63,True
cat,cat,69.79,True
deer,deer,98.19,True
cat,cat,87.57,True
airplane,airplane,88.07,True
truck,truck,89.65,True
deer,deer,99.56,True
deer,deer,99.73,True
automobile,automobile,98.89,True
ship,ship,100.0,True
airplane,airplane,90.52,True
cat,cat,42.18,True
ship,ship,99.88,True
ship,ship,99.99,True
deer,deer,98.57,True
airplane,airplane,81.58,True
cat,dog,64.76,False
truck,truck,82.88,True
frog,frog,92.42,True
dog,cat,61.66,False
deer,frog,71.45,False
dog,dog,82.79,True
horse,bird,74.59,False
bird,bird,49.07,True
horse,horse,99.87,True
horse,horse,91.64,True
bird,dog,50.9,False
frog,frog,78.09,True
horse,horse,99.98,True
truck,truck,99.99,True
ship,ship,95.63,True
ship,ship,100.0,True
truck,truck,95.51,True
bird,bird,94.18,True
cat,cat,99.85,True
truck,truck,99.04,True
truck,truck,99.96,True
ship,ship,98.78,True
dog,dog,65.17,True
airplane,airplane,97.92,True
ship,ship,94.94,True
truck,truck,99.86,True
frog,frog,96.68,True
bird,bird,98.87,True
cat,bird,82.58,False
airplane,ship,67.1,False
bird,bird,99.61,True
horse,horse,79.75,True
airplane,ship,90.8,False
frog,frog,99.34,True
ship,ship,100.0,True
dog,dog,99.92,True
truck,truck,99.1,True
horse,horse,99.28,True
truck,truck,84.63,True
airplane,airplane,94.67,True
ship,ship,92.04,True
cat,cat,66.28,True
deer,deer,98.96,True
bird,bird,99.73,True
bird,bird,98.15,True
automobile,automobile,90.39,True
frog,cat,62.59,False
truck,truck,99.57,True
cat,deer,47.07,False
frog,bird,67.56,False
deer,deer,94.61,True
automobile,automobile,99.99,True
cat,cat,62.92,True
bird,bird,99.93,True
frog,deer,45.21,False
cat,cat,41.04,True
airplane,truck,99.06,False
cat,dog,75.32,False
horse,horse,99.89,True
frog,frog,99.93,True
dog,deer,80.56,False
dog,dog,97.73,True
truck,truck,99.36,True
automobile,automobile,99.96,True
bird,horse,49.85,False
frog,frog,98.3,True
truck,truck,98.99,True
dog,frog,93.45,False
airplane,airplane,99.87,True
dog,dog,89.19,True
bird,bird,94.06,True
horse,cat,57.7,False
bird,bird,56.58,True
bird,bird,99.79,True
bird,bird,99.9,True
airplane,airplane,99.87,True
horse,horse,92.26,True
frog,frog,99.96,True
frog,frog,99.94,True
bird,bird,99.92,True
ship,ship,100.0,True
cat,cat,79.69,True
bird,bird,99.99,True
ship,ship,100.0,True
frog,frog,90.61,True
airplane,airplane,98.82,True
ship,ship,98.28,True
airplane,airplane,99.78,True
bird,bird,99.01,True
frog,frog,99.93,True
frog,frog,99.19,True
dog,dog,99.99,True
ship,ship,99.98,True
ship,ship,91.34,True
horse,horse,99.73,True
frog,frog,99.97,True
automobile,automobile,99.12,True
airplane,airplane,50.82,True
ship,ship,99.97,True
dog,cat,73.26,False
dog,cat,72.53,False
cat,dog,49.86,False
cat,frog,52.24,False
ship,ship,99.92,True
airplane,airplane,94.44,True
deer,deer,92.18,True
automobile,automobile,99.95,True
dog,cat,55.23,False
ship,ship,100.0,True
horse,horse,99.5,True
dog,dog,68.67,True
dog,bird,42.44,False
airplane,airplane,93.32,True
automobile,automobile,86.75,True
automobile,automobile,96.38,True
airplane,airplane,81.42,True
dog,dog,99.38,True
horse,horse,99.96,True
automobile,truck,51.76,False
deer,airplane,87.84,False
truck,truck,99.81,True
dog,deer,44.27,False
ship,ship,99.98,True
cat,deer,51.99,False
bird,bird,99.52,True
automobile,automobile,96.5,True
bird,bird,99.59,True
cat,cat,82.75,True
ship,ship,99.86,True
cat,cat,58.43,True
airplane,airplane,99.7,True
airplane,ship,99.6,False
deer,deer,99.59,True
truck,cat,89.86,False
bird,bird,97.2,True
ship,ship,99.99,True
automobile,automobile,86.34,True
dog,dog,76.47,True
dog,bird,60.25,False
truck,ship,81.32,False
bird,bird,41.76,True
automobile,automobile,39.62,True
bird,airplane,81.54,False
truck,truck,99.75,True
cat,bird,96.14,False
cat,cat,90.94,True
frog,frog,99.9,True
cat,cat,86.89,True
ship,ship,99.96,True
frog,frog,99.88,True
truck,truck,98.26,True
dog,dog,59.34,True
frog,frog,99.79,True
ship,ship,99.95,True
cat,frog,96.74,False
horse,horse,100.0,True
automobile,automobile,49.83,True
dog,dog,88.81,True
truck,truck,100.0,True
cat,dog,65.31,False
dog,dog,99.99,True
airplane,ship,79.51,False
frog,frog,97.02,True
truck,truck,91.98,True
dog,dog,62.64,True
truck,truck,98.34,True
deer,deer,99.92,True
frog,frog,89.81,True
airplane,airplane,97.32,True
bird,bird,100.0,True
ship,ship,99.87,True
frog,frog,99.99,True
bird,bird,74.46,True
deer,deer,43.28,True
frog,frog,99.97,True
automobile,automobile,86.25,True
frog,frog,99.35,True
bird,bird,74.69,True
airplane,airplane,51.53,True
cat,cat,52.22,True
frog,frog,99.99,True
truck,truck,99.97,True
automobile,automobile,99.97,True
deer,deer,97.35,True
truck,dog,47.67,False
airplane,airplane,99.86,True
truck,truck,100.0,True
frog,frog,99.89,True
ship,ship,99.98,True
ship,ship,98.81,True
automobile,automobile,99.99,True
dog,dog,94.71,True
dog,dog,96.22,True
truck,truck,99.99,True
automobile,automobile,99.77,True
truck,truck,65.38,True
ship,ship,95.43,True
ship,ship,95.1,True
frog,frog,100.0,True
automobile,automobile,99.99,True
airplane,airplane,76.94,True
frog,frog,100.0,True
truck,truck,99.97,True
frog,frog,99.76,True
airplane,deer,78.19,False
horse,horse,50.14,True
automobile,automobile,99.86,True
deer,deer,52.0,True
frog,frog,93.04,True
truck,truck,97.29,True
ship,ship,99.04,True
horse,horse,99.84,True
horse,horse,35.5,True
automobile,automobile,99.9,True
truck,truck,98.26,True
ship,ship,69.67,True
dog,dog,98.85,True
ship,ship,98.29,True
frog,frog,99.66,True
truck,truck,80.45,True
bird,bird,72.73,True
ship,ship,99.84,True
cat,cat,98.8,True
frog,frog,99.97,True
automobile,automobile,99.72,True
automobile,automobile,99.53,True
automobile,automobile,93.37,True
cat,cat,98.81,True
automobile,automobile,99.99,True
horse,horse,99.76,True
automobile,automobile,99.69,True
deer,deer,68.63,True
frog,frog,99.98,True
automobile,automobile,77.21,True
cat,cat,48.61,True
bird,bird,71.59,True
deer,deer,99.85,True
dog,cat,60.62,False
frog,frog,95.2,True
automobile,automobile,99.99,True
dog,dog,78.84,True
airplane,airplane,84.81,True
cat,cat,85.08,True
airplane,airplane,99.99,True
bird,bird,99.23,True
automobile,automobile,99.93,True
frog,frog,94.32,True
horse,horse,99.97,True
automobile,automobile,99.85,True
automobile,automobile,56.18,True
frog,frog,68.77,True
bird,bird,99.67,True
frog,frog,99.99,True
frog,frog,99.99,True
bird,bird,100.0,True
ship,ship,99.99,True
frog,frog,100.0,True
ship,truck,46.33,False
airplane,airplane,99.98,True
cat,cat,94.23,True
airplane,airplane,100.0,True
bird,bird,99.91,True
automobile,automobile,98.97,True
automobile,automobile,99.61,True
bird,bird,77.5,True
airplane,truck,54.28,False
ship,ship,99.22,True
frog,frog,45.72,True
dog,deer,61.4,False
deer,deer,99.4,True
deer,deer,98.44,True
frog,frog,99.99,True
dog,dog,97.98,True
truck,truck,63.5,True
frog,deer,95.69,False
cat,cat,97.18,True
frog,frog,99.99,True
truck,truck,94.78,True
truck,ship,73.69,False
airplane,airplane,95.26,True
horse,frog,87.63,False
bird,bird,90.38,True
ship,ship,75.68,True
airplane,airplane,97.3,True
dog,dog,99.43,True
ship,ship,92.72,True
airplane,airplane,86.35,True
automobile,automobile,99.98,True
bird,cat,81.57,False
cat,cat,96.0,True
cat,cat,65.79,True
horse,horse,99.96,True
horse,horse,100.0,True
truck,truck,92.28,True
cat,cat,78.64,True
automobile,automobile,90.4,True
horse,deer,62.86,False
deer,deer,82.49,True
cat,cat,77.31,True
cat,cat,94.02,True
bird,bird,79.0,True
deer,deer,99.21,True
deer,deer,99.98,True
ship,ship,90.64,True
bird,bird,95.89,True
truck,truck,100.0,True
horse,horse,100.0,True
automobile,automobile,99.93,True
deer,deer,81.41,True
dog,dog,84.62,True
airplane,airplane,90.25,True
ship,ship,96.12,True
truck,truck,99.8,True
ship,airplane,88.94,False
horse,horse,99.26,True
bird,bird,94.49,True
ship,ship,99.93,True
ship,ship,72.22,True
airplane,airplane,43.42,True
truck,truck,99.62,True
horse,horse,99.14,True
cat,deer,96.41,False
dog,dog,81.83,True
bird,bird,97.9,True
frog,frog,100.0,True
horse,horse,99.49,True
truck,truck,100.0,True
frog,frog,93.48,True
automobile,automobile,89.5,True
automobile,automobile,95.28,True
bird,bird,99.67,True
truck,truck,100.0,True
horse,horse,94.92,True
dog,dog,69.03,True
truck,automobile,98.62,False
airplane,airplane,98.97,True
bird,bird,99.96,True
horse,horse,99.82,True
automobile,automobile,83.64,True
truck,airplane,52.82,False
airplane,airplane,99.08,True
deer,deer,94.01,True
frog,frog,99.99,True
cat,frog,49.66,False
truck,truck,100.0,True
truck,horse,54.64,False
dog,dog,98.56,True
automobile,automobile,99.04,True
dog,dog,97.62,True
airplane,airplane,42.21,True
bird,bird,99.84,True
frog,frog,100.0,True
dog,dog,97.1,True
airplane,airplane,97.08,True
deer,deer,83.34,True
deer,cat,59.76,False
frog,frog,100.0,True
dog,dog,99.93,True
bird,bird,72.59,True
automobile,automobile,99.97,True
horse,horse,98.99,True
truck,truck,90.86,True
automobile,automobile,88.7,True
bird,bird,53.57,True
cat,cat,87.09,True
automobile,automobile,99.87,True
bird,bird,99.99,True
horse,horse,67.09,True
horse,horse,100.0,True
airplane,airplane,99.47,True
ship,ship,99.8,True
horse,horse,98.42,True
truck,truck,99.9,True
truck,bird,85.67,False
horse,horse,99.25,True
airplane,airplane,97.88,True
automobile,automobile,97.1,True
frog,frog,96.26,True
horse,horse,67.14,True
frog,frog,98.97,True
bird,bird,56.97,True
cat,ship,93.64,False
cat,cat,88.76,True
frog,frog,88.38,True
dog,dog,88.28,True
dog,dog,98.37,True
airplane,airplane,100.0,True
dog,dog,99.99,True
horse,horse,99.98,True
frog,frog,99.63,True
bird,deer,79.89,False
automobile,automobile,98.5,True
deer,deer,98.5,True
automobile,automobile,99.16,True
truck,airplane,73.48,False
dog,dog,91.64,True
horse,horse,99.98,True
ship,ship,99.79,True
dog,cat,92.47,False
dog,deer,62.51,False
frog,frog,99.92,True
horse,horse,99.96,True
cat,cat,97.23,True
dog,bird,79.55,False
airplane,deer,31.77,False
frog,frog,92.94,True
bird,bird,85.14,True
airplane,airplane,95.42,True
dog,dog,52.61,True
frog,frog,97.92,True
horse,horse,99.98,True
bird,dog,49.42,False
truck,airplane,78.55,False
ship,ship,99.98,True
automobile,automobile,58.18,True
truck,truck,95.58,True
bird,bird,97.04,True
bird,bird,71.57,True
automobile,automobile,99.95,True
cat,bird,48.3,False
ship,ship,99.75,True
cat,cat,67.24,True
horse,horse,100.0,True
airplane,airplane,99.99,True
horse,horse,52.7,True
deer,deer,99.85,True
horse,horse,81.82,True
frog,frog,98.89,True
frog,frog,94.04,True
deer,deer,99.12,True
automobile,automobile,99.74,True
deer,bird,92.79,False
frog,frog,99.93,True
horse,horse,99.92,True
deer,cat,64.73,False
bird,bird,99.52,True
dog,dog,89.46,True
ship,ship,99.32,True
cat,cat,98.66,True
truck,airplane,45.37,False
truck,ship,95.92,False
horse,horse,92.7,True
dog,dog,95.23,True
truck,truck,100.0,True
deer,deer,92.42,True
bird,dog,86.57,False
automobile,automobile,99.97,True
airplane,airplane,99.94,True
bird,bird,96.03,True
cat,cat,80.79,True
horse,horse,98.81,True
automobile,automobile,99.79,True
automobile,automobile,97.57,True
truck,automobile,49.31,False
deer,deer,99.47,True
bird,horse,36.49,False
cat,ship,94.86,False
dog,dog,98.8,True
dog,dog,99.8,True
deer,frog,45.22,False
cat,bird,42.63,False
truck,truck,99.58,True
bird,bird,92.67,True
bird,bird,99.99,True
deer,deer,95.7,True
dog,dog,99.95,True
ship,ship,88.3,True
deer,deer,70.67,True
horse,horse,99.43,True
automobile,automobile,83.8,True
ship,ship,98.67,True
automobile,automobile,99.89,True
truck,truck,72.53,True
ship,ship,81.57,True
ship,airplane,53.88,False
bird,bird,49.25,True
truck,truck,99.88,True
ship,ship,87.07,True
frog,frog,70.95,True
dog,cat,54.55,False
truck,truck,99.99,True
automobile,automobile,99.47,True
cat,cat,55.38,True
ship,ship,99.73,True
dog,horse,97.2,False
dog,bird,76.62,False
horse,horse,97.37,True
cat,dog,67.78,False
horse,horse,99.98,True
ship,cat,61.99,False
deer,deer,100.0,True
frog,frog,58.53,True
dog,dog,66.46,True
horse,horse,95.15,True
airplane,airplane,99.7,True
horse,horse,79.06,True
ship,ship,87.34,True
frog,frog,99.98,True
cat,bird,71.22,False
airplane,airplane,97.27,True
ship,ship,99.95,True
bird,bird,99.64,True
ship,ship,79.28,True
bird,bird,49.14,True
cat,dog,45.26,False
automobile,automobile,65.98,True
ship,ship,99.94,True
bird,bird,66.03,True
automobile,automobile,99.74,True
horse,deer,86.93,False
horse,horse,72.99,True
bird,bird,77.76,True
cat,horse,55.59,False
ship,ship,99.83,True
bird,bird,93.44,True
ship,ship,100.0,True
dog,dog,98.34,True
truck,automobile,93.98,False
automobile,automobile,97.97,True
bird,bird,99.73,True
deer,deer,99.41,True
bird,bird,99.94,True
cat,cat,99.81,True
airplane,airplane,99.8,True
bird,bird,100.0,True
bird,bird,99.95,True
horse,horse,99.71,True
truck,truck,98.74,True
automobile,ship,96.65,False
cat,dog,61.75,False
automobile,automobile,89.01,True
dog,cat,76.31,False
frog,dog,36.44,False
automobile,automobile,98.61,True
dog,dog,99.67,True
automobile,automobile,97.37,True
bird,bird,73.48,True
frog,frog,100.0,True
bird,bird,99.67,True
frog,frog,99.22,True
frog,truck,48.09,False
cat,horse,96.28,False
truck,truck,99.91,True
truck,truck,88.27,True
bird,horse,97.76,False
dog,dog,99.98,True
frog,deer,46.82,False
horse,horse,99.45,True
frog,frog,52.1,True
cat,frog,36.65,False
horse,horse,96.76,True
bird,dog,59.32,False
bird,bird,94.59,True
dog,dog,99.29,True
truck,truck,100.0,True
automobile,automobile,99.47,True
frog,frog,99.99,True
bird,bird,99.99,True
automobile,automobile,79.02,True
truck,automobile,77.45,False
airplane,airplane,52.03,True
frog,cat,46.52,False
ship,dog,83.15,False
dog,dog,68.33,True
automobile,automobile,93.95,True
horse,horse,100.0,True
airplane,airplane,99.59,True
truck,truck,99.96,True
automobile,automobile,88.35,True
cat,frog,59.6,False
truck,truck,99.95,True
dog,dog,86.62,True
airplane,automobile,94.31,False
cat,cat,90.84,True
airplane,airplane,97.39,True
cat,cat,37.49,True
truck,truck,99.99,True
cat,cat,74.3,True
horse,horse,99.94,True
dog,dog,39.66,True
bird,bird,97.94,True
horse,horse,97.69,True
truck,truck,66.03,True
bird,bird,98.11,True
ship,ship,99.99,True
deer,deer,99.99,True
dog,dog,99.91,True
bird,airplane,98.95,False
automobile,automobile,99.85,True
ship,ship,100.0,True
horse,horse,99.79,True
deer,deer,45.56,True
bird,bird,79.21,True
deer,deer,50.67,True
ship,ship,99.99,True
deer,cat,82.72,False
ship,ship,99.18,True
dog,dog,99.54,True
horse,horse,99.99,True
deer,deer,94.52,True
dog,dog,99.9,True
airplane,airplane,98.06,True
cat,cat,97.98,True
airplane,horse,47.36,False
truck,truck,98.72,True
deer,deer,98.07,True
dog,dog,98.48,True
bird,bird,78.23,True
automobile,automobile,98.44,True
bird,bird,80.72,True
cat,cat,99.32,True
truck,truck,87.74,True
dog,dog,99.68,True
deer,deer,99.48,True
frog,frog,99.59,True
frog,frog,35.31,True
bird,bird,95.62,True
frog,frog,99.98,True
bird,bird,98.59,True
frog,frog,99.54,True
frog,frog,97.41,True
dog,cat,55.28,False
bird,bird,99.47,True
deer,deer,99.92,True
bird,deer,63.57,False
dog,dog,86.86,True
cat,bird,59.67,False
automobile,automobile,97.73,True
horse,cat,61.47,False
frog,frog,41.79,True
horse,dog,88.02,False
ship,ship,99.96,True
bird,bird,99.9,True
dog,dog,98.49,True
frog,frog,81.2,True
ship,ship,99.92,True
horse,horse,99.84,True
ship,ship,99.87,True
dog,dog,98.29,True
bird,bird,75.62,True
truck,truck,99.27,True
deer,deer,99.56,True
airplane,airplane,98.84,True
dog,dog,97.47,True
automobile,automobile,99.7,True
horse,horse,99.99,True
dog,dog,80.46,True
frog,frog,96.62,True
deer,deer,88.66,True
frog,frog,43.57,True
airplane,airplane,91.97,True
dog,dog,94.95,True
bird,bird,98.98,True
truck,truck,100.0,True
frog,bird,66.5,False
dog,dog,97.98,True
horse,horse,90.58,True
airplane,airplane,94.94,True
bird,bird,74.2,True
deer,deer,77.7,True
deer,bird,44.3,False
deer,deer,99.96,True
frog,frog,99.91,True
deer,deer,99.69,True
dog,dog,98.21,True
airplane,airplane,99.36,True
deer,deer,99.69,True
frog,frog,99.67,True
dog,dog,58.61,True
dog,cat,74.13,False
deer,deer,90.7,True
bird,bird,99.99,True
dog,horse,51.22,False
automobile,automobile,99.98,True
horse,horse,99.74,True
deer,deer,94.74,True
ship,ship,99.98,True
horse,horse,99.99,True
truck,automobile,78.59,False
frog,frog,99.99,True
cat,cat,97.56,True
cat,cat,92.8,True
ship,ship,99.98,True
ship,ship,49.23,True
truck,truck,100.0,True
bird,deer,73.71,False
cat,cat,56.87,True
bird,bird,97.0,True
frog,frog,99.99,True
deer,deer,42.33,True
airplane,airplane,73.37,True
cat,cat,70.93,True
automobile,automobile,99.21,True
airplane,airplane,99.65,True
ship,ship,94.79,True
ship,ship,66.23,True
deer,deer,99.46,True
deer,deer,79.85,True
automobile,automobile,99.68,True
bird,bird,94.42,True
horse,horse,100.0,True
dog,dog,71.56,True
airplane,deer,71.78,False
ship,ship,99.93,True
truck,truck,94.42,True
automobile,automobile,99.99,True
automobile,automobile,97.87,True
dog,dog,59.95,True
dog,dog,99.95,True
horse,dog,56.99,False
bird,bird,99.53,True
ship,ship,99.31,True
airplane,airplane,90.96,True
truck,truck,99.83,True
dog,dog,82.95,True
cat,cat,96.78,True
truck,truck,99.81,True
cat,horse,67.62,False
truck,truck,99.88,True
truck,truck,99.77,True
frog,bird,39.77,False
automobile,automobile,99.91,True
dog,dog,90.18,True
bird,horse,73.5,False
horse,cat,89.03,False
truck,deer,64.49,False
ship,ship,99.9,True
automobile,automobile,98.57,True
horse,horse,99.77,True
deer,deer,90.51,True
dog,dog,95.31,True
deer,deer,99.77,True
horse,horse,45.49,True
frog,frog,99.97,True
horse,horse,99.96,True
dog,dog,99.78,True
frog,frog,99.62,True
ship,ship,99.92,True
automobile,truck,84.08,False
dog,dog,99.99,True
ship,airplane,86.83,False
automobile,truck,99.67,False
bird,automobile,62.23,False
truck,truck,99.97,True
automobile,automobile,90.2,True
deer,deer,98.61,True
automobile,automobile,96.46,True
cat,airplane,76.13,False
cat,cat,97.81,True
cat,airplane,91.18,False
automobile,automobile,99.73,True
frog,frog,99.31,True
airplane,airplane,94.93,True
automobile,automobile,99.89,True
bird,airplane,86.3,False
automobile,automobile,99.78,True
truck,truck,100.0,True
truck,ship,37.25,False
frog,frog,70.46,True
cat,cat,44.86,True
frog,frog,84.79,True
cat,cat,99.31,True
horse,horse,82.12,True
deer,deer,99.8,True
automobile,automobile,99.9,True
ship,ship,98.39,True
frog,frog,99.99,True
horse,horse,99.14,True
deer,deer,100.0,True
airplane,airplane,99.06,True
frog,frog,99.44,True
truck,truck,99.95,True
horse,horse,99.62,True
automobile,automobile,98.18,True
horse,horse,100.0,True
frog,frog,97.89,True
deer,deer,99.8,True
airplane,airplane,93.24,True
deer,deer,87.52,True
dog,frog,30.87,False
truck,truck,100.0,True
bird,dog,48.97,False
deer,deer,99.96,True
deer,cat,36.96,False
automobile,automobile,99.85,True
truck,truck,99.86,True
deer,bird,44.0,False
horse,horse,82.96,True
cat,cat,97.45,True
deer,deer,99.94,True
ship,ship,99.98,True
airplane,airplane,96.13,True
ship,ship,99.96,True
automobile,automobile,99.94,True
deer,horse,97.76,False
truck,truck,99.63,True
deer,cat,98.39,False
automobile,automobile,95.2,True
truck,automobile,44.25,False
ship,ship,99.94,True
ship,ship,51.3,True
dog,dog,65.59,True
bird,bird,99.64,True
airplane,deer,45.85,False
frog,frog,100.0,True
airplane,truck,86.23,False
deer,deer,99.81,True
ship,ship,80.57,True
ship,ship,98.37,True
airplane,bird,41.3,False
automobile,automobile,99.18,True
airplane,airplane,99.74,True
airplane,airplane,97.59,True
ship,ship,99.92,True
horse,horse,99.96,True
truck,truck,64.21,True
deer,deer,89.53,True
airplane,airplane,99.77,True
bird,bird,99.63,True
cat,cat,98.46,True
airplane,airplane,85.0,True
frog,frog,95.93,True
bird,bird,98.54,True
frog,frog,38.33,True
truck,truck,100.0,True
automobile,truck,90.06,False
dog,dog,99.99,True
ship,ship,99.43,True
airplane,airplane,99.6,True
airplane,airplane,85.15,True
frog,frog,99.02,True
airplane,airplane,98.42,True
horse,horse,100.0,True
truck,truck,94.48,True
frog,frog,99.76,True
cat,cat,98.55,True
cat,cat,69.85,True
cat,cat,84.65,True
cat,cat,80.6,True
frog,frog,99.98,True
deer,deer,95.03,True
ship,ship,99.97,True
ship,ship,99.99,True
truck,truck,86.79,True
truck,truck,95.24,True
truck,truck,73.52,True
bird,dog,82.93,False
cat,cat,83.04,True
deer,deer,98.27,True
ship,ship,98.55,True
airplane,airplane,99.83,True
horse,horse,99.98,True
truck,truck,78.07,True
horse,horse,100.0,True
automobile,automobile,35.95,True
cat,cat,87.77,True
airplane,bird,41.02,False
automobile,automobile,98.87,True
automobile,automobile,99.58,True
horse,horse,100.0,True
truck,truck,99.97,True
automobile,automobile,99.59,True
dog,dog,90.32,True
horse,horse,69.79,True
frog,frog,99.38,True
truck,truck,99.77,True
airplane,airplane,97.43,True
horse,horse,99.16,True
ship,automobile,52.61,False
cat,deer,81.23,False
ship,ship,99.91,True
cat,cat,94.9,True
frog,frog,99.98,True
deer,deer,95.4,True
airplane,airplane,99.84,True
deer,deer,52.99,True
deer,deer,99.44,True
horse,horse,99.87,True
dog,dog,87.42,True
airplane,airplane,99.27,True
deer,bird,38.21,False
automobile,automobile,99.08,True
horse,horse,97.75,True
frog,frog,99.99,True
frog,frog,71.86,True
deer,deer,61.88,True
deer,deer,89.23,True
bird,bird,86.83,True
cat,cat,52.38,True
cat,cat,41.19,True
airplane,airplane,99.72,True
bird,bird,98.37,True
truck,truck,99.76,True
frog,frog,37.15,True
truck,truck,99.99,True
automobile,automobile,99.98,True
horse,horse,99.79,True
automobile,cat,48.7,False
frog,frog,80.99,True
bird,frog,44.89,False
ship,ship,99.98,True
horse,truck,57.22,False
airplane,airplane,94.68,True
deer,deer,99.9,True
dog,deer,49.12,False
cat,dog,91.1,False
airplane,airplane,94.38,True
frog,frog,90.64,True
bird,bird,99.1,True
cat,cat,79.3,True
deer,deer,96.66,True
frog,frog,87.22,True
ship,ship,56.72,True
frog,bird,78.97,False
dog,dog,86.29,True
ship,ship,97.65,True
horse,horse,91.54,True
horse,horse,97.37,True
frog,frog,99.94,True
frog,frog,99.06,True
cat,cat,75.76,True
deer,deer,99.61,True
airplane,airplane,96.7,True
dog,dog,77.43,True
automobile,automobile,98.37,True
horse,horse,99.99,True
airplane,airplane,90.76,True
truck,truck,100.0,True
airplane,airplane,96.94,True
bird,bird,88.6,True
bird,bird,99.74,True
deer,frog,84.15,False
automobile,ship,48.8,False
cat,truck,81.19,False
ship,ship,99.89,True
automobile,automobile,99.99,True
cat,cat,81.48,True
airplane,airplane,99.76,True
automobile,automobile,99.54,True
horse,frog,30.49,False
bird,bird,96.57,True
frog,frog,94.04,True
cat,cat,96.82,True
bird,dog,50.72,False
deer,deer,99.61,True
cat,cat,73.59,True
ship,ship,99.98,True
dog,dog,72.78,True
ship,ship,99.08,True
deer,deer,98.5,True
bird,bird,98.92,True
automobile,automobile,97.59,True
dog,dog,95.22,True
truck,truck,99.68,True
dog,cat,42.19,False
truck,truck,99.93,True
ship,ship,39.29,True
dog,dog,97.28,True
airplane,airplane,78.39,True
frog,frog,96.18,True
horse,horse,99.87,True
frog,frog,95.51,True
automobile,automobile,99.2,True
airplane,airplane,97.32,True
dog,dog,99.25,True
truck,truck,99.97,True
dog,dog,94.32,True
airplane,airplane,99.83,True
bird,bird,63.49,True
horse,horse,99.96,True
frog,cat,35.7,False
bird,bird,99.67,True
airplane,deer,84.07,False
truck,truck,96.44,True
airplane,airplane,89.85,True
horse,horse,99.99,True
horse,truck,79.36,False
ship,ship,100.0,True
cat,cat,91.97,True
automobile,automobile,76.77,True
frog,horse,92.41,False
deer,deer,99.86,True
dog,dog,95.61,True
frog,frog,98.83,True
horse,horse,98.51,True
airplane,airplane,99.07,True
cat,cat,92.65,True
airplane,airplane,79.16,True
airplane,airplane,99.78,True
bird,bird,79.31,True
deer,deer,71.2,True
airplane,airplane,99.1,True
automobile,automobile,99.65,True
truck,automobile,56.5,False
airplane,airplane,99.98,True
dog,dog,97.65,True
ship,ship,99.97,True
deer,deer,99.82,True
airplane,airplane,54.34,True
cat,dog,65.73,False
dog,dog,99.94,True
deer,deer,95.11,True
horse,horse,100.0,True
frog,deer,95.78,False
truck,truck,92.99,True
deer,deer,99.52,True
horse,horse,99.89,True
automobile,automobile,92.16,True
dog,dog,83.55,True
airplane,airplane,99.98,True
frog,frog,100.0,True
cat,cat,70.85,True
truck,truck,74.14,True
horse,horse,99.98,True
deer,deer,92.25,True
truck,truck,99.98,True
dog,cat,65.93,False
horse,horse,99.67,True
cat,bird,49.97,False
deer,deer,88.19,True
horse,horse,100.0,True
bird,bird,99.82,True
truck,truck,87.54,True
truck,truck,64.31,True
ship,ship,99.94,True
cat,cat,99.36,True
frog,frog,100.0,True
truck,truck,99.87,True
deer,deer,99.65,True
ship,airplane,96.9,False
bird,deer,82.59,False
ship,ship,99.99,True
bird,bird,98.66,True
truck,truck,98.64,True
deer,deer,98.88,True
truck,truck,99.95,True
airplane,airplane,99.55,True
horse,cat,61.17,False
airplane,airplane,45.65,True
deer,deer,31.7,True
deer,deer,99.29,True
cat,frog,81.55,False
bird,bird,99.37,True
truck,truck,97.04,True
ship,ship,99.91,True
cat,cat,86.75,True
truck,bird,78.12,False
cat,horse,90.84,False
automobile,automobile,92.18,True
bird,bird,99.4,True
airplane,airplane,99.91,True
truck,truck,99.57,True
bird,bird,99.91,True
truck,truck,72.36,True
truck,truck,99.91,True
ship,truck,27.96,False
automobile,ship,50.97,False
dog,dog,53.04,True
ship,ship,99.99,True
bird,bird,62.44,True
frog,frog,96.68,True
dog,dog,92.42,True
bird,bird,100.0,True
horse,horse,91.54,True
airplane,airplane,96.42,True
frog,frog,99.98,True
automobile,automobile,98.32,True
bird,bird,85.65,True
deer,deer,91.52,True
airplane,airplane,99.99,True
dog,cat,37.44,False
frog,airplane,52.75,False
frog,frog,87.13,True
truck,horse,31.5,False
deer,deer,99.94,True
automobile,automobile,97.86,True
bird,cat,37.29,False
cat,dog,57.73,False
bird,bird,78.57,True
ship,ship,88.41,True
bird,bird,68.04,True
truck,truck,100.0,True
dog,dog,99.55,True
automobile,automobile,100.0,True
bird,dog,29.65,False
frog,frog,99.92,True
bird,bird,99.31,True
bird,cat,82.69,False
truck,truck,99.93,True
bird,bird,86.48,True
bird,bird,93.54,True
ship,ship,100.0,True
truck,truck,85.21,True
automobile,automobile,63.69,True
horse,horse,99.42,True
frog,frog,99.97,True
bird,bird,99.99,True
ship,ship,99.97,True
bird,bird,98.82,True
deer,deer,99.6,True
cat,cat,97.65,True
frog,frog,99.92,True
airplane,airplane,96.31,True
horse,horse,99.99,True
automobile,automobile,85.34,True
deer,deer,99.72,True
truck,truck,99.97,True
dog,dog,99.33,True
cat,automobile,49.14,False
frog,dog,90.76,False
bird,bird,99.75,True
airplane,airplane,82.15,True
dog,dog,99.81,True
ship,ship,99.94,True
airplane,airplane,93.89,True
dog,dog,99.55,True
bird,bird,91.27,True
cat,automobile,65.39,False
dog,cat,25.6,False
dog,dog,90.09,True
truck,truck,56.27,True
deer,deer,35.45,True
deer,deer,99.74,True
airplane,airplane,84.85,True
cat,cat,98.85,True
automobile,automobile,99.89,True
horse,horse,80.79,True
deer,deer,98.09,True
bird,bird,99.95,True
automobile,automobile,99.83,True
dog,dog,93.53,True
ship,ship,98.12,True
frog,cat,52.42,False
bird,bird,99.8,True
ship,ship,99.96,True
frog,frog,81.67,True
airplane,airplane,89.57,True
ship,ship,99.73,True
cat,deer,48.31,False
ship,ship,77.15,True
ship,ship,99.8,True
dog,dog,90.77,True
bird,bird,99.0,True
ship,airplane,64.66,False
frog,frog,99.9,True
frog,deer,81.5,False
airplane,airplane,99.15,True
truck,truck,94.35,True
frog,frog,100.0,True
cat,frog,61.74,False
airplane,airplane,96.87,True
bird,bird,57.0,True
cat,cat,78.75,True
ship,ship,99.01,True
truck,truck,99.81,True
airplane,airplane,94.44,True
bird,bird,99.7,True
cat,dog,54.8,False
dog,dog,93.24,True
dog,dog,97.94,True
ship,ship,99.89,True
ship,ship,94.96,True
automobile,automobile,99.96,True
frog,frog,99.99,True
ship,ship,99.99,True
cat,cat,96.53,True
dog,dog,42.45,True
truck,truck,97.42,True
deer,horse,92.61,False
airplane,airplane,99.87,True
airplane,airplane,81.58,True
ship,truck,85.69,False
automobile,automobile,100.0,True
ship,ship,99.79,True
bird,bird,99.78,True
frog,frog,99.04,True
airplane,ship,99.4,False
automobile,truck,58.17,False
cat,cat,70.24,True
horse,horse,49.49,True
airplane,airplane,93.13,True
airplane,airplane,99.99,True
airplane,airplane,99.99,True
automobile,automobile,99.42,True
deer,deer,89.56,True
horse,horse,82.22,True
ship,ship,99.85,True
bird,bird,97.55,True
ship,ship,99.78,True
truck,truck,97.9,True
truck,airplane,87.63,False
dog,dog,81.46,True
truck,truck,93.58,True
horse,horse,81.65,True
horse,horse,99.99,True
horse,horse,99.91,True
frog,frog,92.82,True
dog,horse,98.0,False
automobile,automobile,91.87,True
automobile,automobile,99.3,True
frog,frog,88.99,True
deer,deer,99.89,True
horse,horse,99.02,True
deer,deer,87.2,True
bird,deer,44.79,False
frog,frog,93.57,True
frog,frog,99.87,True
deer,truck,41.48,False
cat,dog,59.97,False
deer,deer,94.16,True
automobile,automobile,81.19,True
deer,deer,99.86,True
frog,frog,28.05,True
truck,truck,98.07,True
truck,truck,100.0,True
airplane,airplane,99.51,True
ship,ship,99.46,True
cat,dog,68.71,False
airplane,airplane,99.51,True
horse,truck,60.07,False
automobile,automobile,99.89,True
frog,frog,99.99,True
truck,truck,92.33,True
truck,truck,99.51,True
automobile,automobile,99.88,True
horse,horse,99.55,True
automobile,automobile,91.56,True
automobile,automobile,99.96,True
airplane,airplane,97.69,True
cat,cat,43.16,True
bird,bird,99.99,True
ship,ship,99.78,True
bird,bird,99.91,True
automobile,automobile,94.84,True
ship,ship,99.94,True
deer,deer,99.71,True
horse,horse,52.09,True
horse,deer,82.15,False
cat,cat,90.12,True
deer,deer,87.67,True
airplane,airplane,75.51,True
bird,bird,92.74,True
airplane,cat,74.52,False
automobile,automobile,99.82,True
truck,truck,86.67,True
automobile,automobile,99.8,True
bird,bird,98.06,True
ship,ship,72.41,True
bird,frog,39.17,False
bird,bird,95.19,True
ship,airplane,64.83,False
dog,bird,52.07,False
deer,deer,97.46,True
horse,horse,99.98,True
horse,horse,98.84,True
truck,truck,99.99,True
dog,dog,91.33,True
truck,truck,100.0,True
automobile,automobile,99.93,True
dog,dog,99.61,True
dog,dog,96.95,True
automobile,truck,54.71,False
bird,bird,99.39,True
dog,dog,24.01,True
frog,frog,97.96,True
ship,ship,99.94,True
dog,dog,89.33,True
truck,truck,99.99,True
truck,truck,74.91,True
ship,ship,94.43,True
deer,truck,67.0,False
dog,cat,93.04,False
ship,ship,99.8,True
truck,truck,99.93,True
horse,horse,99.78,True
cat,cat,39.73,True
truck,dog,45.62,False
ship,ship,98.93,True
horse,horse,100.0,True
dog,dog,99.12,True
ship,ship,74.02,True
frog,frog,99.75,True
cat,cat,33.64,True
automobile,automobile,99.91,True
dog,dog,100.0,True
automobile,automobile,99.16,True
airplane,airplane,95.06,True
deer,deer,99.02,True
frog,frog,99.99,True
airplane,airplane,87.54,True
frog,frog,100.0,True
ship,airplane,83.33,False
dog,frog,32.11,False
automobile,automobile,99.4,True
horse,horse,99.85,True
deer,deer,99.36,True
ship,ship,82.32,True
cat,dog,70.23,False
deer,deer,99.96,True
frog,frog,98.69,True
ship,ship,100.0,True
cat,cat,77.0,True
automobile,ship,43.85,False
airplane,airplane,70.31,True
truck,truck,99.51,True
deer,deer,56.32,True
truck,truck,99.76,True
truck,truck,99.96,True
horse,horse,99.59,True
cat,cat,96.81,True
horse,horse,100.0,True
dog,deer,97.59,False
ship,ship,99.22,True
ship,ship,99.96,True
dog,dog,97.43,True
automobile,automobile,99.96,True
airplane,ship,50.62,False
cat,dog,72.94,False
deer,deer,60.71,True
airplane,ship,40.03,False
dog,cat,46.46,False
ship,ship,99.0,True
frog,frog,92.79,True
frog,ship,75.14,False
truck,truck,94.88,True
automobile,automobile,93.42,True
horse,horse,99.99,True
horse,cat,62.8,False
automobile,automobile,60.45,True
ship,ship,99.93,True
frog,frog,100.0,True
dog,cat,66.66,False
frog,frog,85.13,True
airplane,ship,55.73,False
bird,cat,62.13,False
airplane,airplane,99.59,True
airplane,airplane,99.08,True
airplane,airplane,62.33,True
deer,deer,98.9,True
ship,ship,99.45,True
deer,deer,99.86,True
truck,automobile,92.27,False
frog,frog,99.74,True
cat,cat,98.96,True
dog,dog,99.52,True
truck,truck,98.29,True
horse,horse,99.98,True
airplane,airplane,98.12,True
bird,deer,49.68,False
deer,deer,99.94,True
horse,horse,99.15,True
automobile,bird,37.31,False
cat,dog,74.07,False
truck,truck,99.97,True
bird,bird,98.15,True
cat,cat,91.44,True
dog,deer,47.9,False
horse,deer,78.89,False
frog,frog,99.66,True
bird,bird,87.1,True
dog,dog,56.83,True
automobile,automobile,99.41,True
truck,truck,99.96,True
airplane,ship,66.46,False
horse,horse,100.0,True
bird,frog,63.54,False
ship,ship,99.89,True
horse,horse,99.68,True
truck,automobile,87.08,False
frog,frog,77.81,True
dog,dog,95.65,True
dog,dog,95.64,True
frog,frog,70.68,True
frog,frog,93.77,True
deer,deer,99.98,True
horse,horse,97.62,True
dog,dog,92.93,True
dog,horse,77.52,False
cat,dog,62.13,False
dog,dog,99.86,True
cat,dog,57.03,False
ship,ship,99.88,True
cat,cat,92.43,True
truck,truck,99.73,True
cat,cat,58.66,True
horse,horse,99.72,True
bird,bird,77.01,True
cat,cat,99.47,True
frog,frog,99.99,True
automobile,truck,62.68,False
airplane,airplane,80.75,True
dog,dog,69.42,True
frog,frog,80.12,True
truck,truck,99.99,True
cat,cat,40.9,True
automobile,ship,73.66,False
automobile,automobile,99.57,True
dog,dog,94.76,True
automobile,automobile,96.63,True
airplane,airplane,95.52,True
cat,cat,99.5,True
deer,deer,87.05,True
horse,horse,99.9,True
frog,frog,76.99,True
ship,ship,99.07,True
ship,ship,97.25,True
cat,frog,41.08,False
ship,airplane,90.77,False
automobile,automobile,96.35,True
ship,ship,85.29,True
deer,deer,75.54,True
dog,dog,97.01,True
cat,cat,55.47,True
deer,deer,99.88,True
horse,horse,99.61,True
bird,bird,92.51,True
truck,truck,99.99,True
cat,cat,94.79,True
horse,horse,82.95,True
deer,deer,98.19,True
ship,ship,99.89,True
ship,ship,98.65,True
deer,deer,92.67,True
truck,truck,99.41,True
cat,airplane,55.62,False
airplane,airplane,99.87,True
dog,dog,79.57,True
bird,bird,97.18,True
truck,truck,99.98,True
frog,frog,99.96,True
truck,truck,99.99,True
cat,cat,97.84,True
bird,airplane,70.03,False
horse,horse,99.97,True
automobile,automobile,96.98,True
dog,dog,96.78,True
horse,horse,99.13,True
truck,truck,100.0,True
airplane,airplane,99.23,True
automobile,automobile,82.1,True
automobile,automobile,99.82,True
bird,bird,99.53,True
frog,frog,75.58,True
ship,ship,99.79,True
truck,truck,96.74,True
truck,cat,83.96,False
horse,horse,99.64,True
automobile,automobile,92.46,True
horse,bird,82.96,False
truck,truck,94.53,True
truck,truck,99.97,True
horse,horse,98.56,True
deer,deer,92.72,True
bird,bird,89.95,True
dog,dog,99.77,True
automobile,automobile,98.49,True
frog,frog,99.51,True
bird,bird,99.98,True
airplane,airplane,91.82,True
frog,frog,99.98,True
automobile,automobile,99.95,True
truck,frog,43.95,False
frog,frog,75.62,True
truck,truck,65.25,True
cat,bird,98.66,False
ship,ship,99.92,True
horse,horse,99.19,True
horse,horse,87.81,True
deer,deer,57.11,True
bird,bird,99.96,True
horse,horse,58.74,True
horse,horse,96.54,True
ship,ship,97.92,True
deer,deer,99.75,True
bird,bird,97.35,True
airplane,airplane,90.4,True
airplane,horse,97.02,False
truck,truck,99.98,True
truck,truck,99.91,True
horse,horse,89.05,True
truck,truck,99.24,True
dog,dog,99.81,True
horse,horse,49.73,True
ship,ship,99.9,True
automobile,automobile,95.11,True
cat,horse,50.62,False
bird,bird,100.0,True
automobile,automobile,99.28,True
frog,frog,100.0,True
airplane,bird,99.15,False
deer,deer,83.93,True
airplane,airplane,77.95,True
frog,frog,99.94,True
automobile,automobile,99.98,True
dog,dog,97.16,True
deer,deer,64.33,True
bird,bird,99.23,True
horse,horse,89.56,True
cat,dog,58.67,False
dog,dog,68.21,True
dog,dog,59.54,True
deer,deer,99.89,True
deer,deer,99.97,True
frog,frog,99.98,True
airplane,airplane,70.3,True
ship,ship,55.48,True
dog,deer,89.62,False
dog,dog,99.98,True
airplane,airplane,99.82,True
ship,ship,96.19,True
automobile,automobile,97.62,True
airplane,airplane,97.59,True
ship,ship,95.79,True
cat,bird,57.21,False
ship,ship,96.31,True
bird,bird,98.75,True
airplane,airplane,97.64,True
frog,frog,99.92,True
frog,frog,99.98,True
cat,cat,99.33,True
bird,deer,75.03,False
airplane,airplane,99.07,True
airplane,airplane,94.1,True
dog,dog,99.52,True
dog,dog,53.59,True
truck,ship,57.14,False
dog,horse,72.91,False
deer,deer,98.4,True
deer,deer,98.84,True
cat,cat,91.47,True
horse,horse,99.86,True
dog,dog,95.7,True
frog,frog,99.77,True
bird,bird,89.64,True
horse,horse,99.87,True
ship,ship,89.26,True
horse,deer,80.22,False
dog,dog,59.22,True
deer,deer,94.84,True
deer,deer,57.44,True
bird,frog,71.36,False
horse,dog,47.87,False
ship,ship,53.19,True
automobile,cat,75.0,False
frog,frog,82.15,True
deer,deer,99.66,True
airplane,airplane,55.83,True
airplane,airplane,99.89,True
bird,bird,72.69,True
cat,frog,72.38,False
frog,frog,100.0,True
horse,horse,99.95,True
bird,bird,99.55,True
dog,cat,58.65,False
ship,ship,100.0,True
truck,truck,94.62,True
deer,deer,99.24,True
dog,dog,98.63,True
dog,dog,82.61,True
automobile,automobile,99.99,True
frog,frog,99.7,True
deer,cat,49.89,False
ship,ship,57.65,True
automobile,deer,86.39,False
bird,bird,93.3,True
truck,truck,100.0,True
deer,deer,99.84,True
bird,airplane,64.13,False
cat,bird,93.65,False
frog,cat,85.74,False
airplane,airplane,94.29,True
bird,bird,76.59,True
frog,frog,80.85,True
bird,bird,58.85,True
horse,horse,88.79,True
deer,deer,95.51,True
horse,horse,99.79,True
bird,bird,99.98,True
airplane,horse,32.72,False
deer,deer,99.63,True
airplane,airplane,99.89,True
bird,bird,98.46,True
horse,horse,99.78,True
automobile,automobile,99.97,True
bird,bird,76.38,True
automobile,automobile,90.57,True
truck,truck,100.0,True
horse,horse,99.41,True
airplane,airplane,99.13,True
dog,dog,91.19,True
truck,truck,71.6,True
airplane,airplane,98.22,True
automobile,automobile,99.99,True
truck,truck,99.99,True
ship,ship,99.19,True
dog,horse,66.79,False
deer,deer,67.45,True
bird,airplane,99.67,False
automobile,airplane,48.6,False
dog,dog,90.57,True
bird,bird,99.79,True
airplane,airplane,96.93,True
deer,deer,99.98,True
airplane,airplane,95.42,True
dog,cat,71.78,False
deer,bird,75.92,False
frog,bird,64.0,False
truck,truck,100.0,True
automobile,dog,88.84,False
automobile,automobile,92.18,True
cat,deer,80.96,False
cat,cat,89.71,True
airplane,airplane,99.54,True
deer,deer,95.72,True
automobile,automobile,99.73,True
ship,ship,56.84,True
cat,horse,92.29,False
ship,ship,99.68,True
ship,ship,97.7,True
frog,frog,99.4,True
deer,deer,98.62,True
truck,truck,99.91,True
bird,dog,56.13,False
ship,ship,55.93,True
deer,bird,51.0,False
bird,bird,95.53,True
truck,truck,99.82,True
bird,cat,25.51,False
frog,frog,99.99,True
automobile,automobile,98.22,True
cat,cat,99.68,True
dog,dog,90.73,True
dog,cat,47.66,False
airplane,airplane,54.94,True
ship,ship,77.22,True
deer,deer,99.93,True
automobile,automobile,71.18,True
truck,horse,41.64,False
automobile,truck,51.58,False
bird,frog,97.96,False
cat,cat,97.23,True
bird,bird,72.06,True
automobile,truck,60.56,False
bird,bird,100.0,True
horse,horse,97.87,True
truck,truck,99.65,True
horse,horse,99.96,True
truck,automobile,94.49,False
ship,ship,97.32,True
horse,horse,93.06,True
automobile,automobile,86.32,True
airplane,airplane,99.38,True
dog,dog,97.46,True
deer,deer,74.88,True
deer,deer,99.98,True
horse,cat,55.82,False
truck,frog,77.87,False
deer,deer,95.35,True
horse,horse,89.21,True
dog,dog,82.42,True
airplane,airplane,96.2,True
frog,horse,55.1,False
horse,horse,97.96,True
horse,horse,99.96,True
truck,truck,98.45,True
horse,horse,99.99,True
frog,frog,99.53,True
airplane,airplane,98.15,True
bird,airplane,96.19,False
cat,cat,86.03,True
cat,cat,98.79,True
frog,frog,99.66,True
truck,truck,83.26,True
automobile,automobile,99.78,True
deer,deer,84.71,True
frog,frog,99.15,True
automobile,automobile,69.48,True
dog,dog,62.88,True
truck,truck,50.19,True
ship,ship,100.0,True
bird,bird,58.26,True
airplane,airplane,99.94,True
bird,cat,61.81,False
bird,bird,99.98,True
automobile,automobile,62.63,True
horse,horse,74.07,True
automobile,automobile,99.74,True
deer,deer,99.93,True
ship,ship,99.97,True
truck,truck,98.63,True
truck,truck,92.95,True
cat,cat,48.93,True
frog,frog,99.83,True
ship,ship,99.91,True
horse,horse,98.77,True
deer,horse,39.62,False
truck,truck,99.92,True
airplane,airplane,64.18,True
dog,dog,72.13,True
ship,ship,99.99,True
ship,ship,99.22,True
bird,bird,99.16,True
ship,ship,98.81,True
truck,truck,98.37,True
automobile,automobile,99.79,True
horse,horse,100.0,True
bird,bird,89.95,True
truck,truck,99.88,True
cat,cat,96.44,True
ship,ship,79.5,True
cat,dog,66.7,False
horse,horse,99.98,True
truck,truck,99.57,True
horse,cat,81.77,False
horse,deer,53.85,False
horse,horse,99.98,True
deer,deer,95.23,True
cat,cat,82.48,True
ship,ship,100.0,True
deer,bird,43.96,False
truck,truck,99.7,True
frog,frog,99.96,True
horse,horse,89.05,True
automobile,automobile,97.14,True
horse,horse,99.26,True
deer,dog,42.14,False
truck,truck,100.0,True
deer,deer,94.76,True
automobile,automobile,99.91,True
dog,dog,55.22,True
deer,deer,71.5,True
cat,cat,82.51,True
cat,deer,85.55,False
airplane,airplane,93.11,True
horse,ship,88.52,False
truck,truck,99.95,True
horse,horse,97.61,True
dog,cat,60.97,False
deer,deer,99.81,True
cat,horse,94.31,False
cat,cat,49.54,True
horse,horse,99.24,True
automobile,automobile,97.98,True
airplane,airplane,92.75,True
horse,horse,99.97,True
deer,deer,99.6,True
frog,frog,100.0,True
truck,truck,52.89,True
ship,ship,53.81,True
truck,truck,99.68,True
ship,ship,99.98,True
bird,bird,99.34,True
truck,truck,99.66,True
deer,frog,50.29,False
cat,dog,38.39,False
bird,deer,33.5,False
deer,deer,67.27,True
deer,deer,70.24,True
airplane,airplane,99.14,True
airplane,airplane,63.3,True
truck,truck,94.86,True
ship,automobile,79.99,False
airplane,automobile,53.38,False
deer,deer,98.79,True
deer,deer,78.22,True
horse,horse,88.18,True
cat,cat,86.86,True
dog,dog,99.97,True
airplane,airplane,97.54,True
automobile,automobile,99.93,True
bird,ship,46.49,False
ship,ship,88.38,True
deer,horse,84.11,False
truck,airplane,65.45,False
horse,cat,91.54,False
ship,ship,100.0,True
ship,ship,97.73,True
frog,frog,99.95,True
frog,frog,98.25,True
bird,bird,97.63,True
dog,dog,95.98,True
airplane,airplane,89.61,True
deer,deer,52.64,True
dog,dog,99.1,True
deer,deer,60.17,True
ship,ship,96.25,True
dog,dog,83.33,True
bird,cat,43.97,False
cat,cat,61.68,True
dog,dog,96.83,True
frog,frog,99.53,True
deer,deer,32.32,True
frog,frog,78.27,True
airplane,airplane,99.28,True
frog,frog,100.0,True
dog,cat,94.36,False
horse,horse,99.96,True
horse,horse,99.73,True
truck,truck,75.75,True
bird,bird,91.3,True
truck,truck,83.79,True
ship,ship,99.9,True
bird,bird,93.22,True
frog,frog,89.07,True
bird,dog,45.82,False
truck,truck,77.13,True
cat,cat,68.23,True
horse,horse,93.82,True
dog,bird,56.79,False
truck,truck,86.92,True
automobile,truck,55.28,False
ship,ship,99.99,True
automobile,automobile,93.11,True
frog,frog,99.71,True
deer,deer,96.24,True
deer,cat,64.44,False
automobile,automobile,98.13,True
deer,deer,91.48,True
horse,dog,38.83,False
deer,deer,97.68,True
horse,horse,96.11,True
automobile,automobile,54.04,True
horse,deer,67.14,False
automobile,automobile,99.21,True
dog,dog,97.63,True
truck,truck,87.3,True
deer,horse,39.12,False
airplane,airplane,99.32,True
dog,dog,99.9,True
dog,dog,99.97,True
truck,automobile,92.93,False
truck,truck,99.92,True
horse,horse,99.98,True
frog,frog,100.0,True
horse,horse,99.95,True
deer,frog,45.85,False
deer,truck,82.78,False
horse,horse,100.0,True
dog,dog,83.85,True
airplane,airplane,99.3,True
dog,dog,69.67,True
airplane,dog,49.8,False
cat,cat,99.23,True
truck,truck,94.8,True
horse,horse,99.92,True
frog,frog,99.99,True
frog,frog,99.96,True
bird,bird,99.99,True
automobile,automobile,99.37,True
truck,truck,99.99,True
airplane,airplane,98.98,True
horse,horse,99.98,True
cat,dog,91.45,False
dog,dog,98.96,True
automobile,automobile,97.91,True
airplane,airplane,99.47,True
bird,deer,88.78,False
airplane,airplane,99.97,True
airplane,airplane,81.36,True
airplane,airplane,99.47,True
dog,dog,96.32,True
deer,deer,84.44,True
airplane,airplane,98.95,True
dog,dog,91.04,True
dog,dog,88.5,True
ship,ship,100.0,True
dog,dog,73.19,True
airplane,airplane,86.81,True
frog,frog,92.59,True
deer,deer,99.83,True
cat,cat,82.21,True
dog,dog,80.65,True
ship,ship,95.46,True
ship,ship,96.21,True
automobile,automobile,99.95,True
automobile,automobile,89.43,True
bird,bird,88.62,True
cat,dog,76.71,False
horse,horse,97.54,True
frog,frog,99.5,True
truck,truck,83.53,True
automobile,automobile,88.52,True
frog,frog,90.24,True
ship,ship,100.0,True
horse,deer,87.55,False
deer,deer,99.44,True
cat,cat,90.37,True
frog,frog,100.0,True
bird,bird,97.62,True
automobile,automobile,98.73,True
horse,horse,90.34,True
airplane,airplane,99.33,True
truck,truck,99.88,True
dog,dog,89.98,True
frog,frog,99.09,True
bird,bird,100.0,True
airplane,airplane,98.96,True
airplane,airplane,90.43,True
truck,truck,98.95,True
bird,bird,74.56,True
automobile,automobile,99.73,True
dog,cat,57.56,False
cat,cat,96.14,True
cat,airplane,74.62,False
airplane,airplane,99.97,True
horse,horse,99.95,True
frog,frog,97.7,True
frog,frog,99.96,True
deer,deer,99.17,True
horse,horse,99.84,True
horse,horse,98.91,True
airplane,airplane,99.9,True
deer,deer,99.3,True
horse,horse,95.56,True
deer,deer,99.95,True
automobile,automobile,99.99,True
ship,ship,99.04,True
horse,horse,99.96,True
airplane,airplane,99.32,True
deer,deer,99.56,True
airplane,truck,76.73,False
frog,frog,82.44,True
horse,horse,99.06,True
cat,cat,85.55,True
airplane,airplane,99.5,True
automobile,automobile,99.93,True
deer,deer,99.52,True
ship,ship,99.92,True
horse,ship,81.47,False
dog,cat,56.36,False
cat,cat,62.44,True
bird,bird,99.98,True
frog,frog,99.85,True
automobile,automobile,99.32,True
bird,bird,34.29,True
airplane,airplane,93.88,True
frog,frog,100.0,True
horse,horse,99.55,True
bird,bird,69.66,True
cat,cat,99.7,True
cat,cat,97.56,True
horse,horse,99.59,True
ship,ship,97.3,True
frog,frog,78.22,True
frog,frog,99.8,True
truck,truck,99.59,True
deer,deer,99.99,True
deer,deer,55.18,True
ship,ship,100.0,True
dog,cat,50.14,False
frog,frog,99.96,True
automobile,automobile,99.76,True
ship,ship,99.88,True
ship,ship,100.0,True
airplane,ship,99.35,False
bird,bird,80.46,True
deer,deer,99.99,True
cat,cat,81.43,True
dog,dog,58.99,True
dog,dog,43.12,True
bird,bird,75.04,True
truck,truck,95.22,True
automobile,truck,52.05,False
ship,ship,100.0,True
deer,deer,57.6,True
deer,deer,60.77,True
automobile,automobile,99.7,True
ship,airplane,72.92,False
frog,frog,78.02,True
dog,cat,95.4,False
truck,truck,100.0,True
cat,cat,80.89,True
frog,frog,80.25,True
dog,dog,99.96,True
bird,bird,97.43,True
horse,horse,80.87,True
dog,dog,91.66,True
deer,deer,97.72,True
truck,truck,75.1,True
airplane,airplane,95.2,True
deer,deer,99.22,True
ship,airplane,40.37,False
deer,deer,99.91,True
dog,dog,99.89,True
ship,ship,99.92,True
dog,dog,85.64,True
automobile,automobile,92.79,True
dog,cat,66.99,False
horse,horse,47.17,True
deer,deer,41.76,True
airplane,bird,52.68,False
cat,cat,97.18,True
horse,horse,97.72,True
truck,airplane,77.52,False
bird,cat,38.38,False
ship,ship,96.78,True
horse,horse,98.8,True
automobile,automobile,98.55,True
frog,frog,99.97,True
bird,bird,100.0,True
horse,horse,96.56,True
cat,dog,53.81,False
frog,frog,99.99,True
bird,bird,100.0,True
ship,ship,99.98,True
frog,frog,99.65,True
horse,horse,77.51,True
bird,bird,99.06,True
horse,horse,99.85,True
automobile,automobile,99.23,True
deer,horse,47.96,False
automobile,automobile,99.95,True
horse,horse,99.92,True
bird,bird,99.96,True
frog,frog,99.97,True
frog,frog,99.97,True
automobile,automobile,41.17,True
horse,horse,85.88,True
horse,horse,99.81,True
ship,ship,99.99,True
automobile,automobile,99.67,True
dog,dog,99.85,True
frog,frog,95.24,True
horse,horse,97.57,True
horse,horse,100.0,True
frog,frog,84.54,True
frog,frog,86.97,True
frog,frog,98.69,True
bird,cat,66.77,False
dog,dog,99.99,True
cat,cat,84.72,True
horse,horse,99.99,True
cat,cat,50.78,True
ship,ship,99.45,True
frog,frog,100.0,True
truck,truck,99.28,True
ship,ship,98.21,True
horse,horse,100.0,True
automobile,truck,94.42,False
automobile,automobile,99.91,True
automobile,automobile,67.13,True
dog,cat,70.99,False
truck,truck,96.65,True
ship,ship,87.65,True
frog,frog,97.84,True
ship,ship,100.0,True
truck,truck,98.31,True
deer,deer,45.33,True
horse,horse,87.34,True
ship,ship,98.9,True
bird,bird,100.0,True
cat,dog,71.14,False
dog,dog,98.82,True
truck,truck,62.14,True
ship,automobile,98.18,False
frog,frog,87.8,True
cat,cat,96.99,True
frog,frog,28.72,True
automobile,automobile,99.99,True
ship,ship,99.99,True
dog,cat,92.98,False
deer,deer,72.01,True
bird,bird,88.78,True
cat,cat,96.48,True
ship,ship,97.22,True
ship,ship,99.32,True
cat,cat,86.53,True
airplane,airplane,100.0,True
truck,truck,97.08,True
cat,cat,89.22,True
automobile,automobile,99.94,True
horse,horse,99.9,True
dog,dog,97.72,True
deer,frog,64.62,False
frog,frog,85.55,True
bird,deer,47.4,False
frog,frog,99.68,True
truck,truck,99.84,True
frog,frog,99.77,True
truck,truck,86.27,True
cat,cat,62.77,True
frog,frog,88.85,True
deer,horse,57.08,False
cat,cat,83.1,True
dog,dog,94.1,True
automobile,automobile,99.95,True
airplane,airplane,89.22,True
deer,deer,98.48,True
automobile,automobile,99.7,True
dog,cat,72.92,False
ship,ship,91.45,True
ship,cat,48.67,False
ship,ship,93.58,True
dog,dog,63.06,True
ship,ship,99.55,True
truck,truck,96.27,True
airplane,airplane,70.5,True
airplane,airplane,99.07,True
frog,frog,99.57,True
deer,frog,58.42,False
automobile,automobile,99.67,True
ship,ship,98.69,True
deer,deer,44.54,True
airplane,airplane,98.91,True
deer,deer,95.38,True
ship,ship,99.98,True
deer,deer,83.46,True
cat,cat,86.24,True
cat,cat,94.51,True
frog,frog,99.59,True
airplane,airplane,99.55,True
frog,frog,78.99,True
automobile,automobile,59.84,True
frog,frog,99.32,True
airplane,airplane,68.37,True
bird,bird,100.0,True
bird,bird,100.0,True
cat,cat,99.77,True
bird,bird,87.37,True
airplane,airplane,99.87,True
bird,bird,99.49,True
horse,horse,97.54,True
automobile,automobile,55.44,True
truck,truck,99.76,True
cat,dog,74.84,False
automobile,truck,62.52,False
dog,dog,95.76,True
truck,truck,97.68,True
deer,deer,99.84,True
frog,frog,70.99,True
airplane,airplane,99.6,True
airplane,airplane,82.16,True
deer,deer,99.91,True
horse,horse,99.25,True
deer,airplane,70.71,False
dog,deer,76.49,False
horse,horse,73.93,True
automobile,automobile,99.55,True
airplane,airplane,99.87,True
deer,deer,99.06,True
deer,deer,43.27,True
deer,deer,98.86,True
airplane,airplane,98.87,True
horse,deer,86.42,False
horse,horse,97.13,True
horse,horse,91.73,True
horse,horse,61.19,True
airplane,airplane,98.42,True
horse,horse,99.98,True
deer,deer,99.83,True
horse,horse,96.91,True
automobile,ship,38.21,False
frog,frog,96.31,True
deer,deer,99.3,True
airplane,truck,98.7,False
horse,horse,99.91,True
ship,airplane,70.14,False
cat,dog,95.13,False
horse,horse,99.99,True
horse,horse,99.97,True
frog,frog,98.09,True
automobile,truck,49.46,False
frog,ship,99.58,False
bird,bird,97.21,True
cat,dog,46.61,False
dog,dog,99.98,True
ship,ship,96.58,True
cat,ship,91.15,False
automobile,truck,75.46,False
truck,truck,97.83,True
airplane,airplane,73.72,True
horse,horse,99.05,True
automobile,truck,76.36,False
frog,frog,86.32,True
horse,cat,48.57,False
automobile,automobile,98.93,True
airplane,airplane,77.63,True
ship,ship,98.9,True
truck,airplane,81.7,False
airplane,airplane,100.0,True
airplane,airplane,42.52,True
airplane,airplane,99.51,True
automobile,automobile,99.94,True
deer,deer,96.75,True
cat,cat,98.66,True
automobile,automobile,91.94,True
bird,bird,99.28,True
horse,horse,92.9,True
frog,frog,99.88,True
cat,cat,71.37,True
ship,ship,99.94,True
dog,cat,67.16,False
ship,airplane,95.79,False
horse,horse,99.97,True
cat,cat,89.0,True
ship,ship,71.56,True
frog,frog,62.37,True
airplane,airplane,99.97,True
automobile,automobile,55.75,True
deer,bird,54.12,False
airplane,airplane,96.17,True
truck,truck,100.0,True
truck,truck,99.42,True
airplane,airplane,95.52,True
truck,truck,99.86,True
bird,frog,89.77,False
deer,deer,89.5,True
ship,ship,99.99,True
automobile,automobile,99.98,True
bird,bird,98.69,True
ship,airplane,90.64,False
deer,deer,98.88,True
deer,deer,69.35,True
cat,cat,97.81,True
airplane,airplane,97.89,True
ship,ship,47.53,True
ship,ship,98.37,True
automobile,automobile,99.07,True
bird,bird,96.3,True
bird,bird,99.95,True
dog,dog,99.65,True
ship,ship,99.88,True
ship,ship,99.94,True
automobile,ship,69.11,False
dog,dog,99.71,True
bird,bird,99.42,True
horse,horse,100.0,True
automobile,automobile,98.55,True
frog,frog,70.57,True
truck,truck,98.5,True
horse,horse,98.84,True
automobile,automobile,99.78,True
automobile,automobile,84.99,True
automobile,automobile,99.48,True
truck,truck,72.77,True
dog,dog,98.01,True
frog,frog,98.56,True
airplane,airplane,70.41,True
cat,cat,53.04,True
dog,dog,96.03,True
dog,dog,85.36,True
cat,frog,62.98,False
deer,deer,91.66,True
cat,automobile,87.0,False
ship,ship,99.8,True
deer,deer,99.99,True
dog,horse,59.88,False
horse,horse,99.79,True
deer,deer,99.98,True
dog,cat,89.28,False
automobile,automobile,99.64,True
automobile,automobile,99.97,True
ship,ship,100.0,True
frog,frog,100.0,True
frog,frog,100.0,True
frog,frog,97.91,True
deer,deer,99.69,True
ship,ship,99.86,True
frog,frog,96.41,True
ship,ship,90.65,True
deer,dog,97.65,False
horse,horse,99.38,True
automobile,automobile,60.93,True
truck,truck,92.39,True
ship,ship,99.99,True
cat,cat,77.7,True
dog,dog,99.27,True
deer,deer,90.31,True
airplane,airplane,98.67,True
truck,truck,99.33,True
dog,dog,71.26,True
cat,cat,77.23,True
horse,horse,93.97,True
deer,deer,97.31,True
automobile,automobile,99.47,True
bird,bird,96.32,True
automobile,automobile,99.99,True
truck,truck,98.73,True
dog,dog,88.85,True
cat,cat,89.86,True
frog,frog,97.74,True
truck,truck,93.93,True
ship,ship,43.85,True
truck,truck,76.72,True
dog,dog,93.21,True
ship,ship,98.67,True
deer,deer,86.73,True
frog,frog,99.99,True
ship,ship,99.74,True
cat,dog,78.83,False
deer,deer,99.64,True
frog,deer,29.79,False
ship,ship,99.98,True
bird,bird,99.95,True
horse,horse,99.98,True
airplane,airplane,99.95,True
truck,truck,99.78,True
automobile,automobile,98.94,True
ship,ship,99.99,True
ship,ship,100.0,True
airplane,airplane,86.51,True
cat,cat,93.87,True
cat,cat,95.96,True
horse,horse,98.36,True
horse,horse,99.58,True
frog,frog,99.78,True
deer,deer,99.99,True
bird,bird,90.99,True
frog,frog,99.38,True
dog,dog,99.99,True
truck,truck,99.0,True
frog,frog,99.87,True
bird,bird,66.76,True
airplane,ship,86.56,False
horse,horse,50.16,True
automobile,airplane,95.88,False
airplane,airplane,100.0,True
horse,horse,99.16,True
cat,ship,45.39,False
dog,dog,98.81,True
bird,bird,99.66,True
horse,airplane,37.8,False
bird,bird,99.82,True
frog,frog,99.97,True
horse,horse,97.72,True
bird,bird,25.0,True
bird,bird,99.81,True
airplane,airplane,99.76,True
horse,horse,85.9,True
truck,truck,85.92,True
truck,truck,73.11,True
automobile,automobile,99.6,True
horse,dog,40.9,False
automobile,automobile,99.67,True
automobile,automobile,99.86,True
truck,truck,99.81,True
bird,cat,67.41,False
cat,cat,71.26,True
ship,automobile,97.06,False
dog,dog,97.93,True
ship,ship,99.88,True
cat,cat,60.68,True
truck,truck,98.66,True
automobile,automobile,99.74,True
ship,ship,99.95,True
frog,frog,60.15,True
cat,cat,99.55,True
ship,ship,99.98,True
bird,bird,89.45,True
dog,dog,67.57,True
dog,cat,69.9,False
airplane,airplane,99.97,True
horse,horse,100.0,True
horse,deer,68.33,False
frog,frog,95.75,True
automobile,automobile,99.97,True
bird,bird,98.53,True
airplane,airplane,99.97,True
deer,deer,98.79,True
airplane,airplane,92.17,True
truck,truck,76.3,True
horse,horse,99.7,True
horse,horse,99.91,True
frog,frog,100.0,True
automobile,automobile,82.5,True
truck,truck,99.95,True
bird,deer,63.45,False
cat,frog,62.77,False
bird,bird,44.1,True
truck,truck,99.99,True
ship,ship,99.9,True
airplane,airplane,100.0,True
truck,truck,99.99,True
dog,dog,96.19,True
cat,cat,61.52,True
truck,truck,99.96,True
frog,frog,97.73,True
truck,truck,71.78,True
deer,bird,55.43,False
automobile,automobile,95.65,True
horse,horse,91.68,True
automobile,automobile,99.62,True
airplane,airplane,98.66,True
automobile,automobile,98.79,True
airplane,airplane,92.39,True
automobile,automobile,97.6,True
cat,cat,90.11,True
bird,bird,89.29,True
truck,truck,98.11,True
automobile,automobile,99.86,True
deer,deer,97.45,True
cat,cat,93.12,True
ship,ship,99.54,True
airplane,truck,76.93,False
truck,truck,97.91,True
ship,ship,99.77,True
airplane,airplane,98.06,True
horse,bird,74.71,False
truck,truck,98.15,True
horse,horse,100.0,True
cat,dog,87.66,False
airplane,airplane,84.73,True
bird,bird,75.97,True
dog,dog,97.17,True
dog,dog,99.91,True
cat,cat,98.24,True
dog,frog,97.07,False
airplane,airplane,98.51,True
dog,dog,98.16,True
automobile,automobile,91.81,True
automobile,automobile,99.96,True
airplane,airplane,99.78,True
horse,horse,85.16,True
horse,horse,99.96,True
automobile,automobile,99.8,True
automobile,automobile,99.67,True
automobile,automobile,99.82,True
frog,deer,51.35,False
deer,deer,99.73,True
frog,frog,97.56,True
deer,horse,86.34,False
horse,horse,99.48,True
automobile,automobile,100.0,True
deer,deer,75.21,True
truck,truck,100.0,True
truck,truck,94.64,True
bird,bird,99.99,True
airplane,airplane,84.76,True
automobile,automobile,99.91,True
frog,frog,99.99,True
ship,ship,99.62,True
automobile,automobile,99.64,True
truck,truck,99.97,True
airplane,airplane,98.28,True
dog,cat,77.79,False
airplane,airplane,88.48,True
cat,cat,57.83,True
deer,deer,99.92,True
horse,horse,95.78,True
automobile,ship,94.93,False
horse,horse,84.91,True
ship,ship,92.33,True
truck,truck,72.44,True
dog,dog,94.11,True
cat,cat,60.79,True
deer,deer,98.84,True
horse,automobile,31.36,False
cat,cat,48.78,True
deer,deer,99.89,True
truck,truck,99.95,True
bird,bird,71.03,True
automobile,truck,41.62,False
bird,cat,73.74,False
deer,deer,80.56,True
bird,bird,85.29,True
bird,bird,100.0,True
automobile,automobile,63.53,True
frog,frog,99.66,True
truck,truck,100.0,True
bird,bird,99.57,True
cat,cat,40.65,True
automobile,automobile,99.93,True
cat,cat,96.88,True
frog,frog,99.32,True
cat,cat,49.32,True
truck,truck,100.0,True
dog,dog,99.9,True
deer,deer,99.91,True
bird,bird,83.64,True
automobile,automobile,85.91,True
truck,truck,94.4,True
bird,bird,99.87,True
dog,bird,41.34,False
deer,deer,99.96,True
airplane,airplane,51.05,True
automobile,automobile,99.99,True
ship,ship,78.8,True
airplane,airplane,99.92,True
frog,dog,90.62,False
deer,deer,97.18,True
horse,horse,99.68,True
automobile,automobile,97.43,True
bird,bird,97.42,True
dog,dog,88.42,True
horse,bird,38.06,False
deer,deer,99.58,True
automobile,horse,73.09,False
automobile,automobile,99.95,True
cat,frog,94.34,False
bird,bird,99.55,True
frog,frog,95.99,True
frog,frog,80.05,True
horse,horse,99.47,True
bird,horse,67.56,False
automobile,automobile,85.59,True
deer,deer,99.97,True
automobile,automobile,99.94,True
automobile,automobile,89.49,True
dog,dog,98.33,True
horse,horse,99.8,True
deer,deer,99.59,True
bird,bird,98.21,True
airplane,airplane,89.75,True
bird,bird,98.05,True
horse,horse,98.02,True
dog,deer,55.6,False
truck,ship,56.13,False
cat,frog,68.08,False
horse,deer,84.04,False
horse,horse,99.82,True
airplane,airplane,97.79,True
airplane,airplane,100.0,True
horse,horse,99.99,True
deer,airplane,96.32,False
bird,bird,82.52,True
deer,deer,99.64,True
horse,horse,99.22,True
horse,horse,99.65,True
ship,ship,68.78,True
horse,horse,96.84,True
ship,ship,99.46,True
ship,ship,99.23,True
deer,deer,94.19,True
dog,dog,68.03,True
cat,cat,93.2,True
ship,ship,76.19,True
horse,horse,58.82,True
automobile,automobile,99.91,True
deer,deer,99.97,True
dog,frog,56.91,False
bird,bird,97.75,True
cat,truck,70.04,False
cat,cat,84.79,True
airplane,airplane,99.76,True
horse,horse,99.99,True
horse,horse,89.86,True
frog,frog,99.99,True
dog,dog,95.75,True
bird,bird,49.3,True
horse,horse,99.54,True
deer,deer,90.77,True
ship,automobile,80.38,False
dog,dog,96.86,True
truck,truck,93.78,True
dog,dog,99.98,True
dog,dog,99.41,True
automobile,automobile,99.65,True
dog,dog,47.64,True
deer,deer,98.22,True
airplane,ship,82.77,False
airplane,airplane,56.97,True
automobile,automobile,99.97,True
automobile,ship,51.75,False
bird,bird,95.78,True
deer,deer,99.9,True
bird,bird,98.43,True
horse,deer,47.69,False
airplane,airplane,99.94,True
cat,cat,98.26,True
airplane,airplane,99.48,True
frog,frog,99.99,True
automobile,truck,68.08,False
deer,deer,63.71,True
automobile,ship,89.82,False
automobile,automobile,69.45,True
ship,ship,99.97,True
frog,frog,99.82,True
ship,dog,57.31,False
horse,horse,97.17,True
ship,ship,100.0,True
bird,bird,88.09,True
cat,airplane,84.0,False
dog,cat,40.56,False
truck,truck,92.28,True
airplane,airplane,77.26,True
airplane,airplane,99.43,True
deer,deer,99.97,True
horse,horse,99.99,True
cat,cat,93.22,True
frog,frog,99.92,True
deer,deer,98.34,True
dog,frog,89.89,False
cat,bird,80.15,False
cat,cat,62.84,True
frog,frog,98.39,True
bird,frog,50.07,False
cat,cat,98.49,True
truck,truck,100.0,True
automobile,automobile,99.95,True
frog,frog,100.0,True
cat,frog,98.49,False
dog,dog,86.61,True
truck,horse,99.3,False
truck,truck,99.99,True
airplane,airplane,99.98,True
truck,truck,84.43,True
cat,truck,82.87,False
cat,cat,85.8,True
ship,ship,99.39,True
truck,truck,80.19,True
deer,deer,97.05,True
airplane,airplane,65.86,True
horse,horse,99.93,True
airplane,airplane,96.07,True
truck,truck,100.0,True
bird,airplane,98.9,False
deer,deer,100.0,True
bird,bird,98.64,True
truck,truck,99.98,True
bird,deer,68.1,False
cat,dog,56.51,False
truck,truck,98.65,True
cat,cat,79.31,True
frog,frog,88.43,True
ship,ship,99.81,True
frog,frog,98.79,True
automobile,automobile,99.92,True
cat,truck,96.64,False
deer,cat,42.38,False
bird,bird,89.59,True
bird,bird,55.49,True
deer,deer,99.98,True
dog,dog,96.14,True
cat,dog,52.42,False
horse,horse,99.99,True
bird,bird,99.05,True
ship,ship,100.0,True
bird,bird,98.84,True
truck,truck,97.84,True
deer,deer,99.82,True
airplane,airplane,37.95,True
automobile,truck,88.07,False
dog,dog,74.75,True
truck,truck,99.98,True
airplane,airplane,66.42,True
horse,horse,98.65,True
cat,cat,59.08,True
horse,dog,75.41,False
ship,ship,99.98,True
automobile,automobile,99.97,True
bird,bird,41.19,True
deer,deer,97.91,True
airplane,airplane,96.14,True
bird,bird,99.96,True
dog,dog,99.82,True
cat,cat,74.64,True
ship,ship,66.02,True
bird,bird,97.22,True
horse,horse,99.91,True
truck,truck,99.96,True
horse,horse,99.97,True
ship,ship,96.52,True
airplane,ship,68.27,False
truck,truck,99.99,True
cat,cat,97.49,True
airplane,airplane,92.33,True
frog,frog,99.89,True
frog,frog,100.0,True
bird,airplane,65.69,False
ship,ship,99.97,True
frog,frog,99.99,True
ship,ship,99.98,True
frog,frog,100.0,True
bird,bird,47.77,True
dog,dog,96.73,True
deer,deer,99.67,True
deer,deer,77.81,True
truck,truck,98.69,True
deer,deer,94.69,True
deer,deer,95.89,True
airplane,cat,56.88,False
frog,frog,99.68,True
truck,truck,99.98,True
deer,deer,99.74,True
bird,bird,77.98,True
horse,horse,99.18,True
deer,deer,99.81,True
frog,frog,99.94,True
frog,frog,99.42,True
ship,ship,99.94,True
horse,horse,99.98,True
bird,bird,95.14,True
bird,bird,78.38,True
cat,cat,99.52,True
ship,ship,73.53,True
automobile,automobile,100.0,True
airplane,airplane,100.0,True
ship,ship,99.96,True
horse,horse,71.57,True
deer,deer,99.99,True
dog,dog,97.75,True
cat,cat,84.58,True
frog,frog,99.91,True
ship,ship,95.83,True
airplane,airplane,100.0,True
dog,dog,92.16,True
truck,truck,99.99,True
ship,ship,99.98,True
truck,truck,99.99,True
ship,ship,99.99,True
ship,ship,99.52,True
frog,deer,92.64,False
frog,frog,99.06,True
dog,dog,98.67,True
ship,ship,99.55,True
dog,cat,83.35,False
dog,deer,74.37,False
frog,frog,99.91,True
frog,frog,99.92,True
automobile,automobile,99.61,True
cat,cat,78.7,True
cat,cat,95.71,True
bird,bird,99.99,True
airplane,automobile,89.17,False
frog,frog,80.69,True
dog,dog,87.89,True
truck,truck,99.95,True
bird,bird,99.99,True
dog,dog,67.04,True
automobile,automobile,91.81,True
ship,ship,66.79,True
bird,deer,84.0,False
truck,truck,99.23,True
horse,horse,79.18,True
dog,dog,45.93,True
frog,frog,98.83,True
bird,frog,33.28,False
truck,truck,97.96,True
horse,horse,92.57,True
ship,ship,60.19,True
bird,cat,47.86,False
frog,frog,100.0,True
horse,horse,99.85,True
deer,horse,55.27,False
horse,horse,99.96,True
frog,frog,99.73,True
horse,horse,56.39,True
truck,truck,99.99,True
cat,cat,82.75,True
automobile,automobile,95.48,True
ship,ship,99.96,True
airplane,airplane,79.68,True
horse,horse,99.83,True
airplane,airplane,93.53,True
airplane,airplane,99.7,True
truck,truck,100.0,True
dog,dog,98.02,True
cat,bird,25.46,False
dog,dog,87.64,True
truck,truck,64.24,True
dog,dog,78.34,True
cat,dog,56.8,False
bird,bird,99.11,True
ship,ship,98.93,True
bird,bird,30.29,True
dog,dog,99.88,True
automobile,automobile,96.47,True
airplane,airplane,97.11,True
dog,dog,95.79,True
frog,frog,99.14,True
bird,bird,92.46,True
bird,bird,91.04,True
bird,bird,97.57,True
bird,bird,99.99,True
horse,truck,97.04,False
cat,cat,55.45,True
ship,ship,100.0,True
automobile,automobile,100.0,True
dog,dog,99.97,True
horse,horse,99.57,True
deer,cat,64.26,False
ship,ship,99.38,True
deer,deer,97.52,True
frog,frog,36.79,True
bird,bird,58.4,True
bird,bird,99.74,True
ship,ship,99.98,True
airplane,airplane,74.68,True
airplane,airplane,99.77,True
cat,deer,56.7,False
airplane,airplane,46.24,True
bird,bird,98.6,True
deer,deer,99.98,True
bird,bird,67.14,True
automobile,automobile,99.95,True
truck,truck,92.37,True
horse,horse,99.82,True
truck,truck,96.93,True
cat,deer,49.54,False
cat,cat,93.64,True
truck,truck,99.99,True
ship,ship,99.37,True
frog,frog,99.99,True
automobile,automobile,99.89,True
horse,horse,98.36,True
truck,truck,99.71,True
cat,deer,27.87,False
truck,ship,40.29,False
ship,ship,98.89,True
horse,horse,100.0,True
airplane,airplane,99.96,True
horse,dog,78.0,False
bird,bird,92.32,True
horse,horse,78.83,True
truck,truck,75.39,True
automobile,automobile,99.16,True
automobile,automobile,57.24,True
bird,frog,82.89,False
cat,cat,99.98,True
dog,dog,99.96,True
bird,bird,84.06,True
truck,truck,99.76,True
horse,horse,99.39,True
automobile,automobile,99.95,True
bird,bird,92.39,True
deer,deer,99.99,True
ship,ship,99.99,True
horse,horse,83.58,True
bird,frog,63.43,False
bird,bird,95.3,True
ship,ship,97.66,True
deer,deer,96.23,True
bird,bird,73.43,True
horse,horse,97.64,True
airplane,airplane,99.34,True
dog,dog,99.9,True
automobile,automobile,99.97,True
deer,deer,87.03,True
horse,horse,86.29,True
dog,dog,79.36,True
cat,bird,40.65,False
truck,airplane,69.85,False
frog,frog,97.54,True
ship,ship,99.82,True
dog,dog,73.19,True
deer,deer,90.34,True
airplane,airplane,64.47,True
ship,ship,99.7,True
cat,cat,99.94,True
airplane,airplane,89.27,True
deer,deer,84.88,True
dog,dog,100.0,True
deer,deer,99.96,True
bird,bird,98.63,True
bird,bird,95.45,True
dog,dog,99.82,True
cat,deer,80.1,False
cat,cat,83.98,True
airplane,airplane,99.94,True
airplane,airplane,99.96,True
horse,horse,90.97,True
deer,deer,99.46,True
cat,deer,97.7,False
airplane,airplane,99.98,True
truck,truck,99.82,True
airplane,ship,83.46,False
deer,deer,97.5,True
ship,ship,99.9,True
deer,deer,97.96,True
horse,horse,99.93,True
airplane,airplane,94.0,True
frog,frog,99.95,True
airplane,airplane,99.94,True
airplane,airplane,83.05,True
frog,frog,99.66,True
dog,dog,66.59,True
bird,bird,98.58,True
horse,horse,99.97,True
truck,truck,36.69,True
automobile,automobile,75.74,True
dog,dog,76.19,True
horse,horse,91.42,True
truck,horse,86.77,False
bird,bird,98.87,True
automobile,automobile,99.91,True
ship,ship,99.33,True
frog,frog,57.93,True
truck,truck,72.98,True
ship,airplane,27.97,False
frog,deer,37.68,False
horse,horse,99.99,True
dog,dog,99.26,True
ship,ship,85.0,True
dog,dog,85.16,True
ship,ship,83.9,True
truck,frog,88.48,False
airplane,airplane,78.06,True
airplane,airplane,88.12,True
frog,frog,99.79,True
frog,frog,97.25,True
automobile,automobile,98.45,True
deer,deer,48.34,True
truck,truck,61.25,True
cat,dog,44.53,False
truck,truck,99.95,True
dog,deer,52.07,False
truck,truck,99.98,True
ship,ship,99.87,True
bird,bird,93.6,True
dog,cat,70.28,False
dog,dog,50.74,True
automobile,automobile,98.48,True
frog,frog,97.83,True
dog,cat,50.05,False
airplane,airplane,99.99,True
dog,dog,99.6,True
bird,deer,95.23,False
bird,cat,92.21,False
automobile,automobile,76.47,True
automobile,automobile,75.63,True
airplane,airplane,40.36,True
automobile,automobile,99.71,True
automobile,automobile,99.96,True
bird,bird,65.46,True
dog,dog,68.85,True
deer,deer,99.01,True
truck,truck,94.85,True
horse,horse,99.94,True
cat,cat,61.89,True
deer,horse,84.65,False
deer,deer,95.74,True
horse,horse,99.94,True
deer,deer,92.61,True
truck,truck,97.55,True
deer,deer,85.39,True
cat,cat,66.7,True
automobile,automobile,99.95,True
horse,horse,93.09,True
cat,cat,74.81,True
horse,horse,99.93,True
ship,ship,99.75,True
airplane,airplane,74.41,True
deer,deer,98.75,True
deer,deer,98.88,True
frog,frog,99.99,True
cat,cat,77.41,True
deer,deer,86.21,True
automobile,automobile,99.33,True
bird,bird,80.43,True
truck,truck,73.15,True
deer,deer,94.15,True
automobile,automobile,99.98,True
bird,bird,62.98,True
deer,deer,99.46,True
automobile,automobile,97.58,True
deer,deer,68.72,True
airplane,airplane,99.43,True
bird,bird,99.94,True
cat,cat,66.52,True
airplane,truck,78.26,False
airplane,airplane,99.58,True
bird,deer,98.09,False
cat,cat,56.28,True
airplane,truck,71.21,False
truck,truck,99.65,True
cat,cat,97.87,True
cat,dog,49.11,False
deer,deer,99.78,True
frog,frog,99.87,True
bird,bird,97.3,True
cat,cat,40.15,True
dog,cat,58.49,False
airplane,airplane,86.74,True
frog,frog,99.93,True
cat,cat,92.85,True
airplane,airplane,95.39,True
horse,horse,93.02,True
horse,horse,64.66,True
deer,deer,99.44,True
dog,dog,98.56,True
truck,truck,76.48,True
dog,cat,72.98,False
dog,bird,98.02,False
automobile,truck,87.56,False
ship,ship,97.77,True
automobile,automobile,95.08,True
cat,truck,96.41,False
truck,truck,99.86,True
airplane,airplane,99.37,True
horse,horse,99.99,True
horse,horse,83.32,True
frog,frog,89.99,True
dog,dog,99.23,True
bird,bird,90.12,True
bird,frog,52.58,False
automobile,automobile,99.99,True
automobile,automobile,97.97,True
truck,truck,96.51,True
automobile,automobile,99.99,True
bird,bird,99.71,True
frog,frog,97.56,True
deer,horse,93.88,False
frog,frog,99.83,True
truck,truck,99.73,True
bird,bird,98.64,True
airplane,airplane,99.98,True
ship,ship,76.76,True
airplane,airplane,98.0,True
ship,ship,99.92,True
bird,bird,99.56,True
bird,bird,100.0,True
frog,frog,100.0,True
bird,bird,99.79,True
frog,frog,88.66,True
truck,truck,98.4,True
airplane,airplane,99.58,True
bird,dog,79.02,False
bird,bird,99.43,True
bird,bird,87.51,True
truck,automobile,58.9,False
automobile,automobile,93.68,True
ship,ship,99.87,True
airplane,airplane,99.9,True
deer,deer,99.62,True
automobile,automobile,99.71,True
airplane,airplane,84.28,True
truck,truck,99.86,True
airplane,airplane,91.47,True
deer,deer,99.7,True
ship,ship,99.99,True
truck,truck,99.82,True
horse,horse,94.79,True
frog,frog,92.08,True
frog,frog,99.53,True
truck,truck,90.21,True
ship,ship,99.79,True
cat,cat,79.8,True
ship,ship,99.88,True
ship,automobile,99.37,False
automobile,automobile,99.67,True
dog,dog,50.54,True
frog,frog,95.93,True
bird,bird,99.97,True
frog,frog,48.57,True
airplane,airplane,94.2,True
frog,frog,99.81,True
ship,ship,87.03,True
automobile,automobile,100.0,True
automobile,automobile,99.99,True
bird,bird,99.87,True
deer,deer,97.7,True
airplane,airplane,57.64,True
horse,horse,99.8,True
deer,deer,99.58,True
truck,truck,99.33,True
horse,horse,66.98,True
truck,truck,93.37,True
frog,frog,51.62,True
ship,ship,99.95,True
truck,truck,99.84,True
automobile,automobile,99.7,True
truck,truck,99.94,True
ship,ship,98.75,True
horse,horse,98.94,True
automobile,automobile,99.67,True
cat,cat,35.58,True
frog,frog,97.95,True
frog,frog,99.43,True
cat,dog,58.76,False
deer,bird,74.44,False
deer,deer,97.07,True
ship,ship,99.94,True
ship,airplane,47.74,False
dog,dog,80.04,True
ship,automobile,91.42,False
deer,deer,99.92,True
airplane,airplane,99.92,True
cat,truck,60.54,False
bird,horse,35.81,False
automobile,automobile,71.93,True
horse,horse,99.85,True
horse,horse,99.49,True
dog,dog,98.76,True
airplane,airplane,99.48,True
ship,ship,99.12,True
deer,deer,86.07,True
airplane,ship,62.11,False
ship,ship,99.17,True
ship,ship,98.35,True
truck,truck,71.8,True
frog,frog,99.79,True
dog,dog,57.55,True
dog,dog,75.02,True
automobile,automobile,99.31,True
ship,ship,92.91,True
frog,frog,99.96,True
bird,bird,100.0,True
ship,airplane,71.95,False
ship,ship,58.57,True
airplane,airplane,99.26,True
frog,frog,67.02,True
dog,cat,48.31,False
ship,ship,86.44,True
dog,dog,99.75,True
cat,deer,90.23,False
deer,deer,95.5,True
deer,cat,51.12,False
frog,frog,89.8,True
cat,cat,61.34,True
airplane,airplane,97.85,True
truck,ship,90.24,False
cat,cat,96.62,True
cat,cat,87.99,True
cat,dog,62.12,False
dog,dog,95.24,True
cat,cat,87.22,True
truck,truck,99.87,True
cat,cat,98.02,True
airplane,airplane,58.62,True
deer,deer,91.85,True
dog,dog,63.12,True
automobile,truck,64.26,False
bird,bird,99.89,True
deer,deer,89.61,True
frog,frog,91.34,True
ship,ship,99.04,True
deer,deer,99.53,True
dog,dog,66.79,True
bird,bird,59.23,True
frog,frog,100.0,True
dog,dog,96.47,True
deer,deer,56.04,True
deer,deer,98.63,True
horse,horse,99.87,True
dog,dog,78.19,True
bird,truck,99.07,False
cat,cat,55.09,True
bird,deer,63.8,False
bird,bird,61.92,True
horse,deer,94.42,False
truck,truck,46.78,True
truck,truck,92.94,True
ship,ship,99.26,True
automobile,automobile,100.0,True
bird,bird,97.65,True
dog,dog,99.82,True
ship,ship,81.8,True
dog,dog,89.17,True
dog,dog,87.29,True
automobile,automobile,82.12,True
bird,bird,99.87,True
cat,cat,57.28,True
deer,deer,92.03,True
cat,dog,61.73,False
airplane,airplane,96.13,True
truck,truck,100.0,True
bird,bird,99.92,True
deer,deer,98.85,True
automobile,automobile,99.81,True
ship,ship,100.0,True
airplane,airplane,94.64,True
horse,deer,76.87,False
ship,ship,99.97,True
frog,frog,54.6,True
airplane,airplane,99.98,True
truck,truck,99.94,True
horse,airplane,52.8,False
deer,deer,98.21,True
cat,cat,95.48,True
bird,deer,29.81,False
airplane,airplane,99.98,True
cat,frog,97.27,False
frog,frog,99.99,True
automobile,automobile,99.81,True
ship,ship,99.43,True
horse,horse,99.99,True
frog,frog,99.97,True
frog,frog,99.99,True
dog,deer,58.86,False
deer,deer,99.97,True
frog,frog,99.35,True
automobile,automobile,99.94,True
cat,cat,99.27,True
airplane,airplane,74.91,True
bird,bird,99.97,True
truck,truck,99.78,True
cat,cat,94.0,True
cat,cat,52.49,True
airplane,airplane,98.09,True
frog,frog,44.53,True
ship,ship,99.7,True
horse,horse,99.99,True
airplane,airplane,100.0,True
dog,dog,64.74,True
ship,ship,98.63,True
ship,ship,72.47,True
truck,truck,99.31,True
airplane,airplane,91.71,True
deer,deer,50.79,True
truck,cat,66.34,False
horse,horse,94.83,True
airplane,airplane,100.0,True
dog,cat,60.56,False
bird,bird,99.94,True
bird,frog,99.12,False
horse,horse,99.98,True
bird,bird,98.74,True
airplane,cat,68.17,False
bird,bird,99.61,True
airplane,airplane,82.96,True
truck,truck,100.0,True
horse,horse,98.4,True
dog,horse,74.78,False
cat,cat,67.15,True
deer,deer,99.34,True
cat,cat,94.57,True
ship,ship,99.95,True
cat,bird,41.79,False
cat,cat,65.99,True
dog,dog,93.68,True
bird,deer,99.12,False
dog,dog,99.72,True
automobile,automobile,52.34,True
deer,deer,69.84,True
frog,frog,98.79,True
ship,ship,100.0,True
cat,cat,60.39,True
cat,cat,78.77,True
bird,bird,69.53,True
truck,truck,94.12,True
airplane,airplane,97.87,True
frog,frog,99.97,True
automobile,automobile,99.74,True
dog,dog,48.18,True
airplane,airplane,98.49,True
bird,bird,85.79,True
automobile,automobile,99.97,True
deer,deer,99.83,True
airplane,airplane,99.99,True
frog,frog,43.13,True
airplane,airplane,96.9,True
ship,ship,85.76,True
frog,frog,98.84,True
bird,bird,99.02,True
ship,ship,98.24,True
horse,horse,95.47,True
bird,bird,94.61,True
bird,bird,86.05,True
automobile,automobile,99.72,True
airplane,airplane,50.92,True
frog,frog,55.58,True
cat,dog,91.06,False
dog,dog,96.47,True
airplane,airplane,93.48,True
horse,horse,99.89,True
deer,deer,84.7,True
truck,truck,98.09,True
airplane,airplane,91.57,True
frog,frog,97.84,True
horse,horse,62.61,True
deer,deer,52.82,True
ship,ship,99.23,True
ship,ship,99.99,True
horse,horse,99.99,True
truck,truck,99.87,True
automobile,automobile,99.96,True
airplane,airplane,99.65,True
truck,truck,97.26,True
truck,truck,99.98,True
cat,cat,87.43,True
deer,deer,99.65,True
automobile,automobile,98.46,True
horse,horse,98.96,True
automobile,automobile,99.99,True
truck,truck,98.46,True
frog,frog,92.43,True
automobile,automobile,99.55,True
ship,ship,66.18,True
automobile,automobile,99.6,True
truck,truck,74.41,True
deer,deer,83.44,True
deer,deer,99.86,True
automobile,ship,60.57,False
deer,deer,99.98,True
dog,dog,96.62,True
bird,bird,99.38,True
horse,horse,99.2,True
horse,horse,99.95,True
frog,frog,99.93,True
bird,deer,41.26,False
airplane,airplane,91.28,True
horse,horse,99.98,True
bird,bird,81.9,True
frog,frog,100.0,True
airplane,airplane,99.63,True
truck,truck,99.35,True
frog,frog,61.67,True
horse,horse,99.99,True
bird,bird,99.4,True
horse,horse,97.73,True
dog,dog,99.75,True
deer,deer,63.32,True
ship,ship,99.99,True
airplane,airplane,92.8,True
automobile,automobile,67.55,True
deer,deer,99.91,True
truck,truck,99.85,True
truck,horse,31.94,False
dog,cat,51.82,False
truck,airplane,65.52,False
horse,horse,98.45,True
truck,truck,99.93,True
truck,truck,99.98,True
cat,cat,69.33,True
deer,deer,63.28,True
airplane,airplane,93.47,True
ship,ship,99.19,True
automobile,automobile,67.07,True
horse,horse,81.93,True
deer,cat,51.3,False
truck,automobile,97.8,False
truck,truck,99.81,True
deer,horse,80.18,False
horse,horse,99.25,True
frog,frog,99.87,True
deer,deer,99.58,True
airplane,airplane,92.15,True
automobile,automobile,99.16,True
bird,bird,73.59,True
automobile,automobile,99.99,True
ship,ship,99.38,True
truck,dog,35.8,False
cat,cat,91.65,True
automobile,automobile,99.07,True
horse,horse,100.0,True
ship,ship,89.91,True
automobile,automobile,89.79,True
frog,frog,99.92,True
dog,dog,38.72,True
frog,frog,94.23,True
frog,frog,92.62,True
dog,dog,97.98,True
dog,cat,91.36,False
bird,deer,51.03,False
automobile,automobile,99.93,True
dog,dog,99.81,True
truck,truck,99.2,True
horse,horse,38.08,True
airplane,airplane,74.48,True
deer,horse,37.48,False
airplane,ship,99.31,False
horse,horse,99.61,True
cat,dog,54.28,False
truck,truck,99.98,True
dog,dog,99.59,True
bird,deer,72.85,False
cat,truck,94.32,False
frog,airplane,49.9,False
ship,ship,98.56,True
bird,deer,59.69,False
bird,bird,91.29,True
bird,bird,35.06,True
automobile,truck,54.23,False
truck,truck,94.95,True
horse,deer,44.13,False
truck,ship,73.13,False
automobile,automobile,88.98,True
cat,ship,53.45,False
deer,deer,74.26,True
frog,cat,35.46,False
automobile,automobile,99.92,True
airplane,truck,45.18,False
bird,bird,99.99,True
bird,bird,58.44,True
automobile,automobile,99.47,True
automobile,automobile,99.96,True
truck,truck,99.98,True
frog,frog,99.99,True
dog,dog,36.73,True
horse,horse,81.03,True
bird,frog,70.77,False
bird,bird,99.76,True
deer,deer,100.0,True
automobile,automobile,90.27,True
automobile,automobile,99.5,True
dog,dog,98.47,True
frog,frog,99.46,True
frog,frog,99.8,True
deer,deer,96.92,True
bird,bird,99.98,True
cat,cat,98.65,True
automobile,automobile,99.92,True
automobile,automobile,99.39,True
frog,frog,99.98,True
ship,ship,96.66,True
bird,bird,97.27,True
dog,dog,95.72,True
bird,deer,96.19,False
bird,bird,79.69,True
airplane,airplane,94.97,True
ship,ship,99.79,True
truck,truck,99.99,True
truck,ship,52.59,False
ship,ship,99.99,True
bird,bird,86.99,True
horse,horse,98.98,True
dog,dog,99.97,True
ship,ship,47.96,True
dog,dog,99.37,True
automobile,automobile,99.91,True
deer,deer,61.29,True
deer,horse,51.0,False
deer,deer,73.54,True
horse,horse,99.32,True
truck,bird,45.0,False
cat,cat,69.39,True
bird,cat,37.93,False
horse,horse,98.94,True
airplane,airplane,43.16,True
automobile,automobile,99.81,True
horse,horse,67.51,True
cat,deer,78.01,False
dog,dog,99.82,True
horse,horse,44.1,True
airplane,airplane,96.41,True
frog,frog,98.53,True
airplane,airplane,99.94,True
ship,ship,99.51,True
bird,bird,98.68,True
deer,deer,99.29,True
deer,deer,72.94,True
deer,deer,77.86,True
deer,deer,98.27,True
airplane,truck,78.4,False
automobile,automobile,100.0,True
bird,bird,94.61,True
airplane,airplane,99.72,True
cat,cat,99.72,True
cat,cat,97.32,True
ship,ship,80.92,True
dog,horse,59.01,False
airplane,airplane,99.33,True
automobile,automobile,89.87,True
automobile,airplane,88.17,False
bird,bird,95.03,True
truck,truck,99.88,True
truck,dog,67.38,False
cat,cat,65.45,True
truck,truck,99.98,True
ship,ship,97.83,True
bird,bird,61.42,True
frog,frog,87.35,True
dog,dog,98.02,True
deer,deer,97.04,True
bird,cat,42.55,False
ship,ship,99.35,True
ship,ship,97.97,True
ship,ship,32.36,True
horse,horse,100.0,True
horse,horse,99.26,True
cat,cat,99.49,True
airplane,airplane,99.15,True
frog,frog,99.96,True
deer,deer,97.74,True
cat,dog,56.38,False
horse,horse,97.49,True
airplane,airplane,61.79,True
cat,cat,48.26,True
dog,cat,42.7,False
bird,bird,62.82,True
horse,horse,99.99,True
dog,dog,92.63,True
cat,cat,64.64,True
bird,bird,98.69,True
frog,frog,99.97,True
cat,truck,53.29,False
airplane,airplane,93.55,True
deer,deer,98.94,True
horse,horse,97.46,True
deer,horse,71.87,False
dog,dog,89.23,True
frog,frog,99.97,True
horse,horse,99.8,True
truck,automobile,57.1,False
bird,cat,68.52,False
bird,bird,99.98,True
truck,truck,98.2,True
horse,horse,97.9,True
deer,deer,99.97,True
horse,horse,94.12,True
dog,dog,99.9,True
truck,truck,99.98,True
deer,deer,97.44,True
frog,frog,80.26,True
bird,deer,50.8,False
airplane,airplane,99.97,True
cat,automobile,94.89,False
bird,bird,97.13,True
truck,automobile,53.53,False
horse,horse,98.56,True
horse,horse,99.89,True
deer,horse,30.06,False
truck,truck,100.0,True
automobile,truck,92.25,False
truck,cat,40.49,False
frog,frog,93.02,True
airplane,airplane,41.93,True
dog,dog,88.88,True
airplane,airplane,99.51,True
automobile,automobile,99.72,True
frog,frog,61.75,True
airplane,airplane,99.84,True
ship,ship,91.51,True
ship,ship,98.78,True
dog,dog,89.03,True
truck,truck,99.9,True
ship,ship,99.85,True
horse,horse,67.89,True
automobile,automobile,99.96,True
airplane,airplane,96.39,True
frog,deer,88.27,False
bird,deer,94.92,False
automobile,automobile,99.77,True
bird,deer,49.61,False
bird,bird,99.23,True
horse,horse,99.73,True
dog,bird,62.61,False
airplane,airplane,99.69,True
frog,frog,83.41,True
frog,frog,51.06,True
truck,truck,67.55,True
deer,deer,97.4,True
deer,deer,99.94,True
truck,truck,99.2,True
horse,horse,99.8,True
bird,bird,96.04,True
truck,truck,99.95,True
deer,deer,95.41,True
bird,bird,98.72,True
cat,frog,68.61,False
deer,horse,96.25,False
frog,frog,82.77,True
airplane,airplane,94.4,True
dog,dog,99.92,True
cat,cat,64.75,True
truck,truck,99.45,True
horse,horse,100.0,True
automobile,automobile,99.93,True
deer,bird,44.07,False
cat,truck,74.79,False
automobile,automobile,99.59,True
truck,automobile,85.79,False
bird,bird,95.73,True
dog,dog,65.99,True
horse,horse,99.87,True
horse,horse,99.93,True
horse,horse,99.9,True
ship,ship,99.58,True
frog,frog,98.8,True
truck,truck,100.0,True
horse,horse,100.0,True
deer,deer,100.0,True
ship,ship,99.78,True
automobile,automobile,99.94,True
truck,truck,91.75,True
deer,bird,47.2,False
truck,truck,99.99,True
frog,frog,89.68,True
ship,ship,99.16,True
automobile,automobile,74.96,True
truck,truck,98.05,True
dog,dog,40.41,True
frog,frog,99.19,True
bird,bird,82.13,True
truck,truck,99.93,True
cat,cat,98.96,True
truck,truck,99.61,True
deer,deer,98.31,True
automobile,automobile,79.31,True
deer,dog,55.4,False
automobile,automobile,99.45,True
ship,airplane,95.59,False
horse,horse,99.98,True
automobile,ship,96.54,False
horse,horse,94.85,True
truck,truck,100.0,True
truck,truck,99.97,True
cat,cat,74.95,True
cat,cat,85.31,True
deer,deer,85.87,True
airplane,airplane,78.6,True
truck,truck,55.91,True
ship,airplane,63.71,False
horse,horse,49.97,True
deer,deer,99.46,True
airplane,airplane,99.57,True
bird,frog,46.51,False
ship,ship,99.96,True
horse,truck,72.74,False
dog,bird,34.43,False
cat,cat,88.32,True
truck,ship,77.87,False
airplane,airplane,91.86,True
automobile,automobile,99.87,True
bird,bird,98.25,True
deer,deer,89.6,True
ship,ship,99.96,True
frog,frog,99.95,True
horse,horse,99.97,True
ship,ship,99.98,True
airplane,airplane,95.9,True
dog,deer,49.19,False
truck,truck,99.69,True
horse,horse,99.93,True
horse,horse,99.04,True
cat,cat,41.34,True
cat,cat,81.99,True
frog,dog,60.68,False
dog,dog,99.97,True
cat,dog,97.45,False
automobile,automobile,99.94,True
frog,frog,99.86,True
cat,airplane,65.59,False
automobile,automobile,84.32,True
cat,cat,79.51,True
horse,horse,100.0,True
ship,ship,53.83,True
airplane,airplane,99.98,True
bird,airplane,94.54,False
dog,dog,92.5,True
deer,deer,98.67,True
dog,dog,90.91,True
cat,cat,58.5,True
deer,deer,99.8,True
airplane,truck,98.42,False
airplane,airplane,86.06,True
truck,truck,58.22,True
ship,ship,97.45,True
horse,horse,98.51,True
deer,deer,99.78,True
frog,frog,92.38,True
cat,cat,84.15,True
cat,cat,59.86,True
frog,frog,100.0,True
cat,dog,66.37,False
deer,deer,74.21,True
ship,ship,81.53,True
deer,deer,95.26,True
cat,horse,62.19,False
ship,ship,99.28,True
deer,deer,55.46,True
ship,ship,76.59,True
cat,cat,64.02,True
bird,bird,99.48,True
horse,horse,98.09,True
bird,bird,100.0,True
frog,frog,95.7,True
dog,dog,99.98,True
frog,frog,100.0,True
airplane,airplane,93.81,True
bird,horse,66.59,False
automobile,automobile,93.23,True
truck,truck,92.65,True
bird,horse,58.42,False
truck,truck,92.36,True
deer,deer,58.63,True
cat,cat,99.93,True
horse,horse,71.74,True
truck,truck,80.55,True
frog,frog,99.76,True
dog,dog,81.46,True
dog,dog,97.29,True
bird,bird,93.37,True
frog,frog,99.22,True
dog,dog,99.45,True
frog,frog,88.24,True
horse,horse,100.0,True
ship,truck,51.94,False
airplane,airplane,99.51,True
airplane,bird,98.76,False
cat,truck,99.38,False
deer,deer,99.66,True
cat,cat,95.66,True
cat,cat,77.63,True
frog,frog,79.62,True
cat,cat,81.26,True
cat,bird,44.43,False
automobile,automobile,97.27,True
automobile,automobile,98.03,True
bird,bird,97.17,True
frog,frog,78.61,True
ship,ship,96.29,True
automobile,automobile,54.42,True
horse,horse,99.98,True
cat,cat,93.99,True
truck,truck,94.42,True
bird,dog,56.22,False
ship,airplane,55.25,False
horse,dog,49.48,False
bird,bird,85.8,True
ship,ship,96.21,True
cat,cat,72.85,True
deer,deer,99.97,True
bird,frog,82.4,False
dog,dog,70.47,True
cat,dog,57.16,False
dog,dog,92.97,True
bird,airplane,80.09,False
deer,deer,99.77,True
bird,bird,57.83,True
airplane,airplane,98.09,True
deer,deer,99.32,True
bird,horse,94.93,False
bird,airplane,91.26,False
horse,horse,100.0,True
cat,cat,95.76,True
automobile,automobile,99.98,True
frog,frog,99.95,True
deer,deer,61.09,True
frog,frog,98.47,True
bird,bird,100.0,True
dog,deer,52.48,False
ship,ship,99.81,True
frog,frog,99.69,True
bird,bird,69.17,True
ship,airplane,50.9,False
frog,frog,99.84,True
frog,frog,99.84,True
dog,cat,97.61,False
automobile,automobile,99.48,True
ship,ship,99.87,True
deer,deer,99.89,True
cat,cat,97.46,True
dog,dog,92.74,True
airplane,airplane,99.93,True
dog,bird,70.47,False
truck,truck,98.9,True
automobile,automobile,86.22,True
bird,bird,59.12,True
ship,ship,100.0,True
horse,horse,99.98,True
bird,airplane,89.76,False
bird,bird,99.95,True
automobile,automobile,99.99,True
automobile,horse,83.48,False
frog,deer,97.91,False
deer,deer,58.08,True
dog,cat,76.94,False
bird,bird,97.11,True
ship,airplane,73.83,False
horse,horse,96.61,True
deer,bird,62.16,False
horse,deer,89.91,False
dog,deer,69.19,False
cat,cat,98.39,True
automobile,automobile,99.81,True
cat,cat,84.21,True
truck,truck,99.74,True
deer,deer,99.9,True
frog,frog,100.0,True
dog,dog,97.16,True
bird,bird,99.46,True
automobile,automobile,99.75,True
automobile,automobile,97.67,True
automobile,truck,88.25,False
ship,ship,98.58,True
truck,truck,100.0,True
dog,dog,57.32,True
ship,ship,100.0,True
bird,bird,81.91,True
ship,airplane,65.82,False
ship,ship,99.99,True
cat,cat,51.17,True
frog,frog,99.82,True
dog,dog,99.92,True
deer,deer,93.21,True
horse,horse,96.24,True
frog,cat,83.83,False
frog,frog,97.36,True
frog,frog,98.61,True
horse,horse,99.98,True
deer,deer,99.61,True
truck,automobile,72.38,False
frog,deer,55.54,False
airplane,airplane,99.88,True
frog,frog,80.22,True
dog,cat,49.48,False
bird,bird,97.87,True
frog,frog,99.93,True
airplane,airplane,99.96,True
ship,truck,66.09,False
cat,cat,98.89,True
cat,cat,70.55,True
deer,deer,98.78,True
airplane,airplane,98.82,True
automobile,truck,83.37,False
automobile,automobile,99.66,True
horse,horse,46.38,True
bird,bird,88.91,True
frog,frog,61.28,True
ship,ship,99.68,True
truck,truck,99.99,True
horse,horse,99.98,True
horse,horse,99.91,True
ship,ship,100.0,True
ship,ship,99.6,True
frog,frog,100.0,True
deer,deer,52.75,True
dog,dog,67.6,True
cat,dog,73.36,False
bird,bird,98.17,True
frog,frog,84.78,True
ship,ship,96.63,True
automobile,automobile,97.6,True
dog,dog,97.63,True
deer,deer,99.64,True
bird,bird,83.08,True
deer,deer,95.04,True
bird,bird,99.74,True
ship,ship,100.0,True
ship,ship,99.28,True
cat,dog,65.17,False
ship,ship,99.91,True
horse,horse,99.91,True
frog,frog,99.99,True
frog,frog,99.33,True
horse,horse,91.46,True
dog,dog,96.63,True
deer,deer,99.99,True
ship,ship,99.94,True
dog,cat,53.5,False
ship,ship,98.28,True
cat,cat,97.97,True
airplane,airplane,96.38,True
truck,truck,91.6,True
horse,horse,99.66,True
automobile,automobile,99.73,True
frog,frog,99.49,True
airplane,airplane,95.27,True
ship,ship,100.0,True
truck,truck,100.0,True
ship,ship,100.0,True
bird,bird,99.5,True
cat,dog,97.14,False
truck,truck,99.9,True
bird,bird,99.79,True
ship,ship,98.89,True
automobile,automobile,89.89,True
automobile,automobile,74.39,True
frog,dog,95.52,False
deer,deer,99.98,True
ship,ship,98.44,True
truck,truck,100.0,True
automobile,automobile,100.0,True
horse,horse,99.68,True
ship,airplane,99.39,False
airplane,airplane,48.43,True
frog,frog,99.98,True
ship,ship,98.64,True
dog,dog,98.53,True
deer,dog,46.75,False
bird,bird,74.48,True
truck,truck,99.98,True
truck,truck,99.08,True
ship,ship,94.69,True
automobile,automobile,100.0,True
horse,deer,62.73,False
truck,airplane,77.17,False
dog,dog,96.3,True
frog,frog,90.18,True
dog,dog,49.99,True
frog,frog,91.9,True
automobile,automobile,99.97,True
truck,truck,99.17,True
horse,horse,94.54,True
deer,deer,54.15,True
ship,ship,99.74,True
truck,truck,100.0,True
ship,ship,99.38,True
truck,automobile,53.89,False
bird,bird,76.24,True
bird,bird,100.0,True
dog,dog,99.77,True
frog,frog,90.91,True
frog,frog,99.68,True
ship,ship,86.63,True
truck,truck,99.85,True
truck,truck,98.65,True
horse,horse,99.93,True
ship,ship,54.29,True
automobile,automobile,99.94,True
airplane,airplane,98.18,True
frog,frog,100.0,True
frog,frog,70.92,True
horse,horse,99.79,True
cat,frog,98.63,False
cat,cat,99.92,True
truck,truck,99.88,True
dog,dog,39.16,True
frog,bird,41.96,False
automobile,ship,37.51,False
bird,bird,92.8,True
frog,frog,99.95,True
horse,ship,48.38,False
bird,bird,73.48,True
airplane,airplane,99.3,True
deer,deer,98.83,True
bird,bird,66.84,True
truck,truck,98.74,True
automobile,automobile,99.81,True
horse,horse,83.49,True
horse,horse,99.69,True
deer,deer,99.98,True
dog,cat,93.84,False
truck,truck,63.68,True
automobile,automobile,99.93,True
frog,frog,99.96,True
frog,frog,99.96,True
airplane,airplane,98.63,True
ship,ship,99.97,True
automobile,automobile,99.68,True
airplane,airplane,58.41,True
automobile,automobile,99.88,True
bird,bird,99.98,True
airplane,airplane,55.53,True
airplane,airplane,96.65,True
ship,ship,99.08,True
airplane,airplane,76.69,True
deer,cat,46.21,False
cat,dog,31.06,False
truck,truck,99.89,True
bird,bird,99.86,True
airplane,airplane,93.9,True
ship,ship,58.92,True
airplane,airplane,99.3,True
truck,truck,99.93,True
cat,cat,72.82,True
airplane,cat,44.53,False
bird,bird,99.2,True
horse,horse,94.12,True
deer,airplane,91.74,False
truck,truck,98.52,True
dog,bird,89.68,False
ship,ship,93.92,True
dog,dog,99.33,True
ship,ship,98.74,True
frog,frog,99.61,True
bird,bird,99.44,True
dog,bird,87.59,False
frog,frog,98.09,True
dog,airplane,70.25,False
dog,horse,91.31,False
deer,deer,99.42,True
dog,dog,94.69,True
cat,dog,60.89,False
ship,airplane,77.3,False
frog,frog,44.91,True
truck,truck,99.37,True
bird,ship,81.66,False
frog,frog,86.29,True
ship,ship,99.91,True
automobile,automobile,87.03,True
truck,truck,99.96,True
cat,cat,98.74,True
ship,ship,86.12,True
dog,dog,52.75,True
automobile,automobile,99.81,True
dog,airplane,67.38,False
horse,horse,98.73,True
cat,cat,77.62,True
bird,cat,34.04,False
cat,cat,95.3,True
airplane,airplane,99.54,True
airplane,truck,62.1,False
ship,ship,99.57,True
ship,ship,99.54,True
cat,dog,75.36,False
automobile,automobile,67.27,True
bird,deer,80.73,False
horse,horse,96.61,True
deer,deer,88.87,True
airplane,airplane,84.58,True
dog,cat,67.82,False
frog,bird,77.19,False
automobile,automobile,94.7,True
deer,deer,99.94,True
dog,dog,53.31,True
bird,bird,99.38,True
deer,deer,98.11,True
deer,deer,97.09,True
horse,dog,62.31,False
frog,frog,99.92,True
dog,dog,47.2,True
ship,ship,86.18,True
cat,cat,77.03,True
truck,truck,73.52,True
deer,deer,76.28,True
dog,horse,70.63,False
bird,bird,99.36,True
automobile,automobile,95.68,True
frog,frog,98.38,True
frog,frog,99.93,True
frog,frog,99.78,True
ship,ship,93.89,True
frog,frog,99.99,True
ship,ship,97.96,True
dog,dog,89.76,True
truck,truck,96.97,True
ship,ship,99.95,True
airplane,bird,90.92,False
truck,truck,100.0,True
frog,frog,94.57,True
dog,dog,88.59,True
ship,ship,99.97,True
bird,bird,99.98,True
deer,deer,76.38,True
automobile,automobile,98.92,True
truck,truck,99.99,True
frog,frog,78.2,True
truck,truck,45.36,True
truck,truck,99.95,True
cat,cat,62.56,True
horse,horse,95.37,True
deer,deer,70.54,True
dog,deer,60.52,False
deer,deer,49.6,True
airplane,airplane,96.67,True
airplane,deer,53.4,False
horse,horse,100.0,True
dog,dog,78.71,True
frog,frog,98.36,True
airplane,bird,80.92,False
truck,truck,85.45,True
bird,bird,99.81,True
automobile,automobile,99.55,True
airplane,airplane,93.52,True
airplane,airplane,76.62,True
horse,horse,99.3,True
airplane,airplane,99.04,True
automobile,automobile,95.96,True
bird,bird,90.2,True
ship,ship,100.0,True
horse,horse,99.03,True
automobile,automobile,99.63,True
cat,cat,93.13,True
horse,horse,95.2,True
cat,dog,53.22,False
truck,truck,41.96,True
automobile,automobile,99.99,True
ship,ship,100.0,True
truck,truck,54.6,True
frog,frog,99.72,True
airplane,airplane,99.33,True
ship,ship,96.66,True
deer,deer,80.9,True
deer,deer,98.76,True
cat,cat,95.74,True
dog,dog,97.08,True
cat,cat,76.61,True
frog,frog,99.14,True
deer,deer,99.98,True
automobile,automobile,99.73,True
dog,dog,95.53,True
automobile,automobile,99.97,True
ship,ship,100.0,True
horse,horse,100.0,True
cat,cat,100.0,True
frog,frog,99.48,True
airplane,automobile,77.86,False
horse,horse,99.86,True
truck,truck,99.84,True
airplane,airplane,99.98,True
cat,cat,64.29,True
ship,bird,58.57,False
dog,cat,71.86,False
bird,bird,97.21,True
ship,ship,94.89,True
dog,dog,99.33,True
bird,bird,99.54,True
horse,horse,99.7,True
frog,bird,62.95,False
frog,deer,88.88,False
horse,cat,61.14,False
frog,frog,99.99,True
deer,deer,99.33,True
bird,bird,49.23,True
horse,horse,99.92,True
frog,frog,98.23,True
airplane,airplane,91.87,True
automobile,automobile,81.17,True
automobile,horse,52.54,False
truck,truck,99.96,True
cat,cat,42.17,True
ship,ship,98.99,True
bird,bird,91.12,True
airplane,airplane,92.43,True
cat,dog,59.6,False
cat,cat,42.07,True
truck,truck,85.83,True
cat,dog,72.15,False
ship,ship,99.79,True
deer,deer,98.94,True
airplane,airplane,99.93,True
cat,cat,82.67,True
automobile,automobile,99.96,True
frog,frog,99.98,True
frog,frog,99.96,True
ship,ship,99.68,True
bird,bird,99.77,True
ship,ship,100.0,True
horse,horse,99.96,True
deer,deer,98.87,True
horse,horse,94.89,True
bird,airplane,76.42,False
truck,truck,99.99,True
bird,bird,99.95,True
bird,cat,38.75,False
frog,frog,99.89,True
frog,frog,95.82,True
ship,ship,100.0,True
cat,cat,95.37,True
dog,dog,82.34,True
airplane,airplane,97.76,True
bird,bird,40.65,True
dog,dog,68.01,True
dog,dog,52.95,True
bird,bird,99.99,True
ship,ship,99.9,True
cat,cat,98.4,True
truck,truck,97.16,True
ship,ship,93.55,True
frog,frog,100.0,True
airplane,airplane,83.61,True
truck,truck,43.62,True
ship,ship,99.99,True
frog,frog,99.89,True
horse,horse,94.37,True
truck,truck,96.34,True
ship,ship,99.99,True
automobile,automobile,99.76,True
dog,dog,96.91,True
airplane,airplane,75.16,True
automobile,automobile,99.97,True
frog,deer,91.27,False
horse,horse,99.9,True
cat,cat,97.95,True
horse,horse,99.97,True
bird,bird,93.49,True
dog,dog,62.93,True
cat,cat,99.56,True
truck,truck,99.44,True
cat,cat,95.68,True
dog,dog,98.73,True
dog,dog,86.11,True
ship,ship,99.91,True
bird,bird,99.36,True
deer,deer,99.94,True
ship,ship,73.69,True
automobile,automobile,99.97,True
dog,dog,99.73,True
cat,frog,70.87,False
truck,truck,93.3,True
airplane,airplane,98.1,True
frog,truck,65.79,False
frog,frog,99.99,True
cat,cat,96.62,True
airplane,airplane,83.47,True
cat,truck,43.28,False
airplane,airplane,99.98,True
dog,dog,82.89,True
airplane,airplane,54.26,True
airplane,airplane,99.02,True
horse,horse,99.4,True
cat,cat,99.77,True
automobile,airplane,84.08,False
deer,deer,95.95,True
horse,horse,70.08,True
horse,horse,89.67,True
bird,frog,77.1,False
deer,deer,94.65,True
truck,truck,99.69,True
truck,truck,99.9,True
dog,dog,94.52,True
deer,deer,96.43,True
automobile,automobile,99.86,True
ship,ship,79.27,True
airplane,frog,85.64,False
bird,dog,43.06,False
automobile,automobile,99.83,True
ship,ship,99.95,True
ship,ship,99.66,True
airplane,airplane,98.69,True
cat,cat,78.35,True
frog,frog,88.47,True
dog,cat,73.09,False
dog,dog,99.46,True
ship,ship,98.87,True
bird,horse,50.12,False
truck,truck,75.31,True
ship,airplane,85.03,False
truck,truck,100.0,True
horse,horse,99.99,True
truck,truck,99.9,True
deer,deer,99.96,True
automobile,automobile,99.71,True
horse,horse,89.65,True
bird,bird,51.28,True
airplane,airplane,98.9,True
cat,cat,82.09,True
bird,bird,99.83,True
airplane,airplane,98.46,True
bird,bird,99.75,True
deer,deer,92.95,True
automobile,automobile,66.36,True
deer,deer,73.67,True
automobile,automobile,99.79,True
horse,horse,96.87,True
horse,horse,92.32,True
truck,truck,97.43,True
truck,truck,45.17,True
ship,ship,96.46,True
truck,truck,99.74,True
automobile,automobile,93.75,True
automobile,automobile,63.86,True
truck,airplane,70.35,False
horse,horse,56.85,True
airplane,airplane,99.93,True
dog,dog,98.31,True
ship,ship,99.98,True
horse,horse,99.98,True
dog,dog,98.41,True
ship,ship,95.29,True
dog,dog,99.7,True
dog,dog,94.95,True
cat,deer,99.12,False
horse,horse,99.99,True
dog,dog,49.43,True
bird,bird,97.06,True
frog,deer,92.2,False
bird,bird,86.48,True
ship,ship,99.98,True
cat,cat,88.69,True
automobile,automobile,99.53,True
dog,cat,92.67,False
automobile,automobile,99.37,True
truck,ship,97.3,False
airplane,airplane,90.31,True
deer,cat,53.3,False
airplane,airplane,99.31,True
bird,bird,55.46,True
ship,ship,100.0,True
deer,cat,79.0,False
dog,dog,98.51,True
bird,bird,95.07,True
airplane,cat,48.59,False
bird,frog,54.57,False
ship,ship,63.83,True
deer,deer,99.9,True
horse,horse,100.0,True
automobile,automobile,77.41,True
frog,cat,55.46,False
cat,cat,55.74,True
dog,dog,100.0,True
truck,truck,99.9,True
bird,bird,92.66,True
airplane,airplane,96.48,True
cat,ship,89.92,False
frog,frog,74.21,True
airplane,airplane,99.82,True
airplane,airplane,99.74,True
automobile,automobile,99.01,True
horse,horse,97.59,True
automobile,automobile,99.99,True
ship,automobile,92.97,False
automobile,automobile,93.67,True
frog,frog,97.56,True
deer,dog,62.86,False
airplane,airplane,94.94,True
cat,cat,97.35,True
automobile,automobile,99.98,True
dog,dog,68.91,True
horse,horse,98.55,True
horse,horse,98.73,True
frog,frog,99.99,True
dog,cat,55.39,False
ship,ship,100.0,True
frog,frog,99.97,True
airplane,airplane,99.95,True
dog,dog,94.87,True
airplane,airplane,84.12,True
ship,ship,100.0,True
ship,ship,81.2,True
automobile,automobile,99.83,True
truck,truck,99.92,True
frog,frog,99.99,True
automobile,automobile,91.44,True
bird,bird,99.18,True
bird,bird,97.79,True
automobile,automobile,87.58,True
dog,dog,96.53,True
cat,cat,54.27,True
dog,cat,50.79,False
dog,dog,96.48,True
frog,frog,99.89,True
dog,cat,61.56,False
ship,cat,50.08,False
airplane,airplane,70.87,True
ship,ship,99.99,True
deer,deer,98.46,True
ship,ship,98.07,True
automobile,automobile,99.95,True
ship,ship,95.44,True
dog,dog,96.1,True
airplane,airplane,90.89,True
airplane,airplane,52.08,True
frog,dog,46.35,False
horse,horse,99.44,True
bird,bird,99.79,True
airplane,airplane,40.35,True
truck,airplane,97.74,False
bird,bird,98.93,True
airplane,airplane,99.97,True
dog,dog,62.94,True
frog,frog,99.95,True
deer,deer,98.15,True
cat,cat,99.72,True
dog,dog,89.43,True
cat,cat,99.47,True
airplane,airplane,99.72,True
bird,bird,63.95,True
frog,frog,99.87,True
deer,deer,81.88,True
dog,dog,98.06,True
dog,truck,42.57,False
truck,truck,97.41,True
truck,truck,99.95,True
cat,cat,42.6,True
frog,frog,96.43,True
bird,bird,76.08,True
deer,deer,99.21,True
bird,bird,92.52,True
ship,ship,99.95,True
deer,deer,73.37,True
frog,frog,99.97,True
bird,bird,82.28,True
automobile,automobile,71.75,True
airplane,airplane,99.94,True
ship,ship,99.56,True
frog,frog,85.63,True
frog,frog,99.98,True
ship,ship,90.27,True
bird,bird,99.12,True
deer,deer,99.94,True
ship,ship,99.99,True
horse,horse,99.83,True
horse,horse,99.8,True
bird,bird,98.37,True
dog,cat,32.2,False
automobile,automobile,99.93,True
frog,frog,99.01,True
ship,ship,99.99,True
dog,dog,89.83,True
cat,dog,51.92,False
deer,deer,95.08,True
horse,cat,29.19,False
automobile,automobile,99.65,True
deer,deer,99.71,True
automobile,automobile,97.53,True
dog,dog,89.11,True
frog,frog,99.97,True
automobile,horse,75.97,False
truck,truck,98.43,True
horse,horse,99.98,True
bird,bird,65.31,True
automobile,automobile,92.45,True
cat,dog,50.7,False
deer,deer,99.37,True
ship,ship,99.99,True
deer,bird,95.59,False
truck,truck,99.75,True
frog,frog,99.91,True
ship,ship,99.89,True
dog,dog,98.27,True
horse,horse,96.13,True
dog,horse,91.1,False
automobile,automobile,100.0,True
bird,bird,99.95,True
automobile,automobile,97.73,True
automobile,automobile,99.96,True
horse,horse,98.83,True
bird,bird,96.84,True
automobile,automobile,99.73,True
frog,frog,51.04,True
automobile,truck,97.29,False
automobile,automobile,65.39,True
airplane,airplane,94.45,True
bird,bird,99.94,True
horse,horse,95.37,True
horse,horse,99.84,True
truck,truck,41.72,True
bird,frog,92.77,False
cat,cat,57.77,True
ship,ship,96.94,True
airplane,airplane,99.89,True
dog,dog,98.48,True
cat,dog,67.94,False
deer,dog,81.97,False
bird,bird,99.96,True
airplane,cat,95.57,False
ship,ship,98.36,True
truck,truck,99.98,True
truck,truck,63.85,True
bird,bird,69.49,True
horse,horse,99.93,True
dog,cat,30.75,False
automobile,automobile,99.99,True
automobile,automobile,96.2,True
horse,horse,99.99,True
dog,dog,70.88,True
bird,dog,86.29,False
frog,frog,86.95,True
cat,cat,74.3,True
automobile,automobile,99.62,True
automobile,automobile,78.56,True
truck,truck,96.97,True
horse,horse,99.68,True
truck,truck,99.45,True
ship,ship,99.87,True
ship,ship,66.93,True
automobile,automobile,98.42,True
automobile,automobile,98.71,True
dog,horse,94.22,False
horse,horse,99.89,True
cat,ship,51.21,False
dog,dog,65.34,True
frog,frog,99.41,True
ship,ship,99.99,True
deer,deer,99.27,True
automobile,automobile,99.99,True
horse,horse,100.0,True
automobile,automobile,99.87,True
frog,frog,87.15,True
truck,truck,93.73,True
frog,cat,58.06,False
dog,dog,99.45,True
ship,ship,100.0,True
bird,cat,52.4,False
automobile,automobile,77.9,True
bird,bird,99.78,True
bird,deer,40.52,False
dog,cat,61.74,False
cat,deer,87.26,False
horse,horse,97.33,True
bird,bird,29.35,True
frog,frog,99.86,True
cat,dog,54.25,False
bird,bird,93.63,True
dog,dog,90.89,True
bird,bird,66.64,True
bird,bird,30.92,True
automobile,automobile,99.81,True
bird,airplane,45.56,False
ship,ship,99.89,True
automobile,automobile,98.46,True
frog,frog,91.76,True
deer,deer,50.58,True
bird,bird,45.35,True
airplane,airplane,98.02,True
bird,bird,99.87,True
bird,dog,66.07,False
ship,ship,99.95,True
truck,truck,99.96,True
automobile,automobile,98.46,True
cat,cat,48.78,True
automobile,automobile,98.9,True
dog,dog,74.98,True
airplane,airplane,99.98,True
ship,ship,99.95,True
truck,automobile,62.4,False
frog,frog,99.87,True
automobile,automobile,90.03,True
frog,dog,55.24,False
automobile,automobile,70.59,True
cat,horse,89.42,False
airplane,airplane,98.01,True
frog,frog,99.58,True
dog,dog,97.16,True
automobile,automobile,98.8,True
dog,dog,98.06,True
deer,deer,97.68,True
bird,bird,56.17,True
ship,automobile,87.2,False
bird,bird,99.06,True
ship,ship,99.05,True
horse,horse,99.96,True
dog,dog,49.07,True
automobile,automobile,54.6,True
horse,horse,99.09,True
truck,truck,99.92,True
frog,frog,66.24,True
airplane,truck,69.24,False
ship,bird,47.93,False
horse,horse,59.18,True
airplane,airplane,96.04,True
ship,ship,98.26,True
truck,truck,99.88,True
dog,dog,50.38,True
cat,cat,63.65,True
bird,bird,96.44,True
bird,bird,95.73,True
airplane,airplane,83.67,True
bird,bird,96.13,True
frog,frog,100.0,True
dog,dog,98.76,True
airplane,airplane,98.41,True
deer,deer,99.97,True
frog,frog,99.91,True
automobile,automobile,96.29,True
automobile,ship,75.65,False
dog,deer,91.5,False
dog,dog,98.2,True
dog,dog,99.95,True
automobile,automobile,99.81,True
deer,bird,75.23,False
ship,ship,100.0,True
cat,cat,96.5,True
frog,cat,54.7,False
automobile,automobile,76.26,True
ship,ship,52.64,True
ship,ship,99.91,True
ship,ship,99.99,True
deer,bird,79.99,False
dog,dog,99.93,True
frog,frog,95.98,True
airplane,airplane,99.89,True
airplane,dog,94.2,False
airplane,truck,55.26,False
deer,deer,99.45,True
cat,cat,86.39,True
automobile,automobile,99.8,True
airplane,airplane,99.92,True
truck,truck,83.23,True
deer,deer,99.8,True
frog,frog,99.97,True
cat,dog,71.52,False
ship,airplane,88.82,False
ship,airplane,65.7,False
cat,cat,85.17,True
deer,deer,69.73,True
bird,bird,99.94,True
deer,deer,46.65,True
truck,truck,99.98,True
deer,deer,85.25,True
truck,truck,99.02,True
frog,frog,80.8,True
bird,bird,87.85,True
frog,frog,96.78,True
bird,bird,99.95,True
bird,bird,100.0,True
automobile,automobile,98.66,True
deer,deer,50.87,True
dog,dog,79.61,True
horse,airplane,37.84,False
airplane,airplane,99.9,True
automobile,automobile,98.0,True
frog,frog,99.92,True
frog,frog,99.27,True
frog,frog,67.83,True
deer,deer,100.0,True
horse,horse,68.63,True
airplane,airplane,99.97,True
airplane,ship,53.0,False
airplane,truck,85.1,False
ship,ship,80.19,True
frog,frog,55.41,True
dog,dog,99.01,True
ship,ship,89.05,True
frog,frog,100.0,True
truck,truck,95.81,True
truck,truck,78.78,True
frog,frog,99.97,True
frog,truck,48.0,False
cat,cat,67.54,True
frog,dog,42.3,False
deer,deer,99.81,True
frog,frog,86.48,True
frog,frog,81.99,True
horse,horse,99.98,True
ship,ship,99.91,True
automobile,automobile,99.71,True
automobile,automobile,93.39,True
dog,dog,75.26,True
frog,frog,99.66,True
frog,frog,99.98,True
truck,truck,41.82,True
cat,cat,99.38,True
deer,deer,99.9,True
truck,truck,73.41,True
frog,frog,98.12,True
truck,automobile,51.66,False
airplane,airplane,99.29,True
truck,truck,80.32,True
ship,ship,99.98,True
dog,dog,65.7,True
horse,horse,100.0,True
horse,horse,98.12,True
airplane,airplane,84.67,True
truck,truck,99.32,True
truck,ship,73.71,False
frog,frog,95.34,True
airplane,airplane,99.31,True
bird,bird,97.58,True
truck,truck,97.39,True
horse,horse,99.98,True
frog,frog,94.86,True
automobile,automobile,99.32,True
horse,horse,97.03,True
ship,ship,99.96,True
ship,ship,99.41,True
truck,truck,99.99,True
automobile,automobile,99.67,True
cat,cat,95.45,True
frog,frog,99.82,True
cat,cat,99.32,True
dog,dog,72.94,True
deer,truck,52.83,False
automobile,automobile,99.96,True
dog,bird,64.64,False
horse,deer,52.37,False
bird,frog,85.0,False
airplane,airplane,99.83,True
ship,ship,99.15,True
ship,airplane,99.55,False
frog,frog,99.67,True
airplane,airplane,65.48,True
frog,truck,57.56,False
bird,cat,75.42,False
bird,bird,99.42,True
truck,truck,99.22,True
truck,automobile,83.31,False
dog,dog,84.69,True
airplane,airplane,99.39,True
automobile,automobile,61.21,True
ship,ship,99.23,True
cat,cat,61.04,True
cat,cat,80.92,True
frog,cat,37.7,False
horse,horse,99.98,True
deer,deer,79.75,True
cat,cat,96.95,True
airplane,airplane,99.27,True
deer,deer,98.53,True
airplane,airplane,97.96,True
frog,frog,99.96,True
ship,ship,99.99,True
truck,truck,99.98,True
automobile,truck,68.74,False
bird,cat,29.79,False
truck,truck,100.0,True
truck,truck,87.77,True
automobile,automobile,99.78,True
truck,truck,99.99,True
cat,horse,53.37,False
truck,truck,98.19,True
cat,cat,82.34,True
cat,cat,91.44,True
truck,truck,100.0,True
truck,truck,62.73,True
dog,dog,96.17,True
ship,ship,99.97,True
automobile,automobile,97.26,True
frog,truck,76.93,False
dog,horse,40.7,False
cat,cat,75.83,True
ship,airplane,58.74,False
dog,dog,90.91,True
cat,dog,68.65,False
ship,ship,99.94,True
truck,truck,99.99,True
cat,deer,72.84,False
bird,deer,72.77,False
airplane,airplane,92.0,True
dog,cat,53.03,False
dog,cat,37.62,False
cat,frog,62.84,False
ship,ship,96.21,True
automobile,automobile,99.99,True
automobile,truck,91.18,False
automobile,automobile,95.58,True
ship,ship,54.4,True
deer,deer,99.86,True
frog,frog,93.68,True
automobile,truck,49.74,False
deer,deer,97.0,True
deer,deer,87.84,True
airplane,airplane,93.47,True
cat,cat,50.71,True
automobile,automobile,99.92,True
automobile,automobile,99.64,True
deer,deer,76.0,True
cat,cat,35.97,True
automobile,automobile,99.97,True
airplane,airplane,99.95,True
horse,horse,98.62,True
automobile,automobile,99.9,True
dog,cat,49.66,False
ship,ship,41.57,True
automobile,automobile,56.11,True
deer,deer,100.0,True
truck,automobile,87.45,False
automobile,automobile,96.95,True
ship,ship,99.9,True
frog,frog,92.16,True
automobile,automobile,99.24,True
truck,truck,99.35,True
bird,bird,98.13,True
ship,ship,100.0,True
bird,bird,76.78,True
ship,ship,96.57,True
frog,frog,94.5,True
bird,frog,91.05,False
ship,ship,99.81,True
bird,bird,66.4,True
cat,cat,63.18,True
cat,cat,99.14,True
automobile,truck,60.36,False
dog,dog,49.83,True
dog,dog,77.71,True
dog,dog,86.54,True
automobile,automobile,99.7,True
ship,ship,99.98,True
airplane,airplane,93.22,True
truck,truck,53.85,True
bird,deer,90.61,False
truck,truck,91.18,True
frog,deer,98.47,False
dog,cat,61.93,False
truck,truck,100.0,True
automobile,automobile,99.69,True
ship,ship,56.7,True
horse,horse,99.96,True
bird,bird,74.22,True
truck,truck,99.94,True
truck,truck,59.77,True
horse,horse,99.64,True
truck,truck,97.88,True
automobile,automobile,84.84,True
truck,truck,97.73,True
truck,truck,99.88,True
cat,cat,91.35,True
airplane,airplane,95.75,True
deer,deer,92.97,True
horse,horse,99.96,True
truck,truck,98.78,True
dog,dog,75.93,True
truck,truck,99.98,True
truck,truck,89.06,True
airplane,airplane,91.34,True
cat,cat,68.91,True
horse,horse,54.9,True
horse,horse,100.0,True
airplane,airplane,91.59,True
frog,frog,98.53,True
truck,truck,63.55,True
automobile,automobile,99.32,True
deer,airplane,51.79,False
bird,deer,43.12,False
dog,dog,58.03,True
frog,frog,94.87,True
ship,airplane,46.56,False
cat,truck,98.51,False
cat,cat,94.0,True
cat,cat,96.03,True
deer,deer,99.91,True
horse,horse,81.44,True
ship,ship,84.29,True
airplane,airplane,94.95,True
dog,dog,97.74,True
horse,bird,53.98,False
horse,horse,99.92,True
dog,deer,71.41,False
frog,frog,99.99,True
horse,bird,93.52,False
cat,cat,88.38,True
truck,truck,99.52,True
ship,ship,99.98,True
truck,truck,95.78,True
airplane,truck,60.34,False
horse,horse,99.98,True
bird,airplane,94.72,False
horse,horse,76.76,True
frog,frog,99.4,True
deer,deer,96.97,True
dog,dog,99.28,True
ship,automobile,56.39,False
frog,frog,98.57,True
bird,bird,99.94,True
cat,dog,97.85,False
truck,truck,99.93,True
airplane,airplane,99.98,True
ship,truck,57.24,False
airplane,airplane,90.54,True
frog,frog,98.19,True
horse,horse,99.88,True
frog,frog,99.94,True
ship,ship,59.59,True
airplane,airplane,99.73,True
dog,bird,54.24,False
frog,frog,98.07,True
automobile,automobile,76.13,True
truck,ship,48.8,False
automobile,automobile,99.97,True
horse,horse,98.61,True
dog,deer,27.84,False
airplane,airplane,99.72,True
dog,dog,96.11,True
bird,bird,88.38,True
dog,dog,95.4,True
frog,frog,100.0,True
dog,dog,94.06,True
deer,deer,72.85,True
frog,frog,99.69,True
bird,bird,97.08,True
cat,cat,99.83,True
deer,deer,99.76,True
bird,bird,99.73,True
bird,deer,75.98,False
airplane,airplane,100.0,True
deer,deer,98.87,True
ship,ship,96.19,True
cat,cat,80.99,True
truck,truck,99.15,True
bird,bird,87.76,True
cat,cat,55.02,True
ship,ship,98.06,True
bird,bird,99.93,True
horse,horse,70.07,True
ship,airplane,77.54,False
cat,cat,97.87,True
deer,deer,99.89,True
horse,horse,99.99,True
deer,frog,42.61,False
airplane,airplane,94.27,True
deer,deer,63.54,True
ship,ship,98.57,True
frog,cat,42.07,False
frog,frog,98.88,True
automobile,automobile,100.0,True
truck,truck,97.57,True
dog,horse,87.73,False
frog,frog,100.0,True
automobile,automobile,98.1,True
bird,bird,99.79,True
ship,airplane,45.72,False
bird,deer,51.31,False
frog,deer,67.93,False
dog,cat,99.09,False
dog,dog,91.62,True
airplane,deer,65.61,False
deer,deer,99.92,True
bird,deer,96.49,False
ship,ship,98.09,True
horse,horse,99.92,True
frog,cat,32.59,False
airplane,airplane,99.36,True
cat,cat,73.87,True
cat,frog,92.24,False
horse,horse,99.73,True
frog,frog,99.94,True
truck,automobile,48.45,False
cat,cat,62.08,True
frog,frog,99.6,True
frog,frog,99.99,True
frog,truck,78.17,False
cat,cat,96.67,True
horse,deer,91.84,False
airplane,airplane,99.6,True
cat,cat,72.61,True
bird,bird,99.99,True
frog,frog,99.14,True
ship,ship,99.51,True
truck,truck,99.83,True
deer,deer,96.7,True
frog,frog,63.62,True
dog,deer,52.65,False
cat,cat,43.76,True
truck,truck,99.57,True
dog,dog,99.99,True
ship,ship,99.17,True
horse,horse,99.98,True
automobile,automobile,99.72,True
horse,horse,99.62,True
automobile,automobile,99.61,True
frog,frog,99.76,True
airplane,airplane,93.56,True
cat,airplane,54.1,False
horse,horse,99.99,True
deer,deer,99.98,True
automobile,automobile,59.61,True
deer,deer,99.8,True
automobile,automobile,98.62,True
horse,horse,72.82,True
truck,truck,100.0,True
automobile,automobile,99.74,True
cat,cat,54.1,True
ship,ship,98.26,True
dog,dog,89.35,True
ship,ship,99.27,True
airplane,airplane,99.94,True
ship,ship,99.03,True
truck,truck,81.36,True
airplane,airplane,99.99,True
bird,bird,99.94,True
cat,cat,79.09,True
horse,horse,99.92,True
deer,deer,93.56,True
dog,bird,53.54,False
ship,ship,82.87,True
truck,truck,99.92,True
truck,truck,98.38,True
deer,deer,98.54,True
airplane,airplane,99.98,True
ship,ship,99.99,True
frog,frog,97.09,True
deer,deer,71.31,True
dog,cat,54.86,False
ship,ship,99.95,True
bird,bird,60.34,True
bird,bird,98.83,True
frog,frog,99.93,True
airplane,airplane,99.99,True
bird,bird,99.41,True
automobile,truck,81.45,False
dog,dog,64.47,True
deer,deer,99.63,True
dog,dog,92.07,True
dog,dog,59.01,True
horse,horse,93.3,True
dog,dog,76.1,True
automobile,automobile,98.95,True
truck,truck,70.75,True
horse,horse,100.0,True
bird,frog,73.19,False
automobile,truck,93.9,False
ship,ship,73.19,True
truck,truck,80.03,True
bird,bird,84.51,True
deer,deer,94.57,True
truck,truck,99.92,True
horse,horse,96.06,True
truck,truck,71.59,True
bird,bird,98.75,True
bird,bird,99.96,True
automobile,automobile,67.65,True
dog,dog,82.0,True
bird,bird,99.78,True
cat,deer,75.56,False
bird,bird,97.43,True
frog,frog,99.99,True
airplane,ship,99.7,False
horse,horse,94.69,True
airplane,airplane,99.98,True
airplane,airplane,99.76,True
truck,truck,100.0,True
deer,deer,98.97,True
deer,deer,97.97,True
truck,truck,99.1,True
ship,ship,98.1,True
ship,ship,99.9,True
cat,cat,76.9,True
deer,deer,98.87,True
ship,ship,97.01,True
airplane,deer,40.27,False
frog,horse,89.8,False
bird,bird,57.87,True
bird,dog,91.66,False
airplane,airplane,96.71,True
airplane,airplane,100.0,True
truck,truck,76.73,True
frog,frog,99.72,True
dog,cat,91.32,False
cat,cat,99.93,True
dog,dog,99.89,True
truck,truck,98.75,True
truck,truck,99.96,True
automobile,automobile,99.74,True
horse,horse,100.0,True
frog,dog,91.2,False
ship,ship,95.21,True
dog,dog,93.32,True
cat,cat,99.44,True
airplane,airplane,99.98,True
airplane,airplane,99.97,True
deer,deer,89.56,True
dog,dog,100.0,True
ship,ship,99.83,True
bird,bird,90.74,True
dog,dog,99.76,True
dog,dog,99.92,True
truck,truck,99.98,True
ship,ship,99.51,True
dog,dog,99.44,True
cat,cat,98.22,True
dog,dog,99.2,True
airplane,cat,39.65,False
dog,dog,98.65,True
ship,ship,83.54,True
airplane,airplane,99.98,True
automobile,automobile,60.03,True
frog,frog,99.95,True
automobile,automobile,98.23,True
frog,frog,83.43,True
ship,ship,77.61,True
automobile,automobile,52.27,True
dog,dog,99.96,True
cat,cat,90.72,True
automobile,automobile,97.01,True
automobile,automobile,99.94,True
ship,ship,100.0,True
automobile,automobile,99.96,True
ship,ship,93.67,True
frog,frog,99.91,True
truck,truck,100.0,True
deer,deer,99.99,True
deer,deer,99.66,True
dog,dog,50.35,True
automobile,automobile,99.74,True
truck,truck,99.45,True
bird,bird,85.76,True
frog,frog,99.19,True
truck,airplane,44.75,False
horse,horse,99.78,True
truck,automobile,69.78,False
dog,dog,94.02,True
horse,horse,95.22,True
ship,airplane,86.64,False
airplane,airplane,78.79,True
horse,horse,100.0,True
cat,cat,91.12,True
dog,dog,99.94,True
automobile,automobile,95.67,True
frog,frog,100.0,True
airplane,airplane,99.23,True
bird,ship,80.97,False
truck,truck,99.8,True
horse,horse,99.98,True
deer,deer,95.07,True
deer,deer,79.64,True
horse,horse,85.14,True
truck,truck,99.41,True
cat,cat,65.12,True
ship,ship,99.99,True
airplane,airplane,99.71,True
cat,dog,42.83,False
horse,horse,95.92,True
cat,dog,59.83,False
dog,frog,59.62,False
deer,deer,69.41,True
frog,frog,99.77,True
airplane,airplane,59.3,True
frog,frog,100.0,True
truck,truck,96.98,True
horse,horse,99.07,True
automobile,automobile,98.6,True
bird,bird,99.7,True
frog,frog,86.28,True
dog,bird,80.23,False
automobile,truck,54.66,False
dog,dog,99.97,True
truck,truck,98.92,True
airplane,airplane,89.99,True
horse,horse,97.05,True
automobile,automobile,99.88,True
airplane,airplane,99.95,True
airplane,airplane,99.85,True
automobile,automobile,56.54,True
ship,ship,96.19,True
horse,dog,84.15,False
cat,dog,62.87,False
truck,truck,97.36,True
bird,bird,99.9,True
dog,dog,99.81,True
deer,deer,78.58,True
bird,bird,100.0,True
ship,ship,98.06,True
automobile,automobile,99.98,True
frog,frog,99.07,True
horse,horse,99.97,True
frog,frog,99.99,True
frog,frog,86.0,True
airplane,airplane,99.76,True
bird,bird,97.5,True
deer,deer,99.96,True
dog,dog,51.95,True
bird,bird,99.97,True
frog,frog,90.43,True
dog,dog,91.91,True
deer,deer,97.52,True
ship,ship,99.99,True
airplane,airplane,89.96,True
frog,frog,98.25,True
frog,frog,99.84,True
truck,truck,96.19,True
cat,cat,95.89,True
ship,ship,99.89,True
deer,deer,99.83,True
cat,ship,98.65,False
automobile,automobile,99.58,True
bird,bird,78.69,True
truck,truck,97.42,True
ship,ship,98.98,True
horse,horse,99.9,True
cat,cat,50.7,True
deer,deer,98.74,True
airplane,airplane,99.78,True
ship,ship,96.52,True
truck,truck,98.61,True
dog,horse,80.19,False
horse,horse,100.0,True
dog,dog,86.06,True
bird,bird,49.45,True
automobile,automobile,100.0,True
horse,bird,49.15,False
dog,cat,76.45,False
automobile,automobile,99.95,True
frog,deer,85.33,False
automobile,automobile,93.28,True
airplane,airplane,98.24,True
cat,cat,98.2,True
horse,deer,67.4,False
frog,frog,100.0,True
cat,bird,79.08,False
dog,dog,99.31,True
ship,ship,100.0,True
airplane,airplane,98.38,True
frog,frog,95.65,True
automobile,automobile,98.44,True
dog,dog,99.16,True
dog,dog,83.2,True
cat,cat,91.38,True
dog,dog,92.7,True
frog,bird,75.27,False
cat,cat,50.83,True
bird,bird,99.97,True
frog,frog,99.99,True
truck,truck,99.99,True
automobile,automobile,54.49,True
horse,horse,99.84,True
bird,bird,91.63,True
airplane,airplane,99.97,True
horse,horse,98.53,True
automobile,airplane,54.95,False
cat,cat,62.82,True
automobile,automobile,99.77,True
ship,ship,99.42,True
deer,deer,100.0,True
horse,horse,89.32,True
ship,ship,99.47,True
airplane,airplane,99.88,True
dog,cat,91.69,False
deer,deer,98.3,True
ship,ship,99.93,True
horse,dog,61.74,False
automobile,automobile,82.97,True
deer,deer,98.42,True
dog,dog,49.78,True
airplane,airplane,95.83,True
dog,dog,95.11,True
cat,cat,58.53,True
bird,bird,99.96,True
automobile,automobile,98.95,True
truck,truck,99.65,True
horse,horse,66.94,True
bird,bird,94.51,True
frog,frog,93.93,True
horse,horse,97.31,True
truck,truck,99.98,True
cat,cat,69.82,True
bird,bird,98.44,True
frog,deer,42.64,False
dog,cat,67.91,False
deer,horse,79.5,False
horse,deer,93.94,False
cat,dog,93.83,False
horse,horse,92.16,True
airplane,airplane,96.79,True
truck,truck,100.0,True
truck,truck,48.71,True
horse,horse,99.87,True
truck,truck,91.46,True
truck,truck,70.1,True
ship,automobile,77.75,False
deer,deer,94.85,True
bird,bird,99.8,True
cat,cat,99.76,True
ship,ship,76.35,True
bird,bird,80.14,True
bird,bird,97.65,True
dog,dog,74.96,True
bird,bird,63.08,True
cat,horse,68.07,False
automobile,truck,79.12,False
airplane,airplane,89.56,True
frog,frog,98.22,True
cat,cat,53.53,True
automobile,automobile,99.87,True
bird,bird,48.28,True
cat,automobile,85.43,False
horse,horse,62.47,True
frog,frog,75.44,True
cat,ship,60.83,False
deer,deer,99.73,True
bird,bird,100.0,True
bird,bird,98.14,True
bird,bird,99.98,True
deer,deer,99.99,True
ship,ship,100.0,True
deer,cat,44.54,False
truck,truck,99.98,True
cat,cat,57.33,True
ship,ship,100.0,True
cat,cat,100.0,True
airplane,airplane,99.58,True
airplane,airplane,98.86,True
horse,horse,96.65,True
bird,bird,99.99,True
horse,horse,99.97,True
horse,horse,99.93,True
frog,frog,71.71,True
bird,cat,47.77,False
airplane,airplane,99.99,True
airplane,airplane,99.1,True
truck,frog,41.02,False
ship,ship,99.89,True
automobile,automobile,99.95,True
dog,cat,90.67,False
horse,horse,99.95,True
horse,horse,99.93,True
cat,cat,99.7,True
airplane,airplane,99.74,True
airplane,airplane,99.52,True
frog,frog,99.99,True
bird,bird,92.79,True
automobile,automobile,99.15,True
frog,frog,99.95,True
frog,frog,99.38,True
bird,bird,99.98,True
cat,cat,99.78,True
cat,dog,93.66,False
automobile,automobile,99.8,True
ship,ship,99.73,True
airplane,airplane,92.15,True
cat,dog,72.51,False
bird,bird,99.31,True
ship,ship,94.53,True
frog,frog,100.0,True
airplane,airplane,89.3,True
ship,ship,75.24,True
automobile,automobile,61.64,True
airplane,airplane,99.65,True
bird,bird,99.94,True
horse,horse,94.68,True
frog,frog,99.95,True
ship,ship,99.87,True
truck,automobile,86.08,False
ship,ship,100.0,True
truck,truck,99.74,True
truck,truck,99.68,True
horse,horse,99.98,True
deer,deer,93.57,True
horse,dog,93.83,False
dog,deer,66.24,False
horse,horse,97.63,True
truck,truck,99.95,True
cat,dog,51.94,False
frog,bird,95.92,False
bird,bird,99.97,True
automobile,automobile,99.99,True
ship,ship,96.71,True
airplane,airplane,97.79,True
airplane,airplane,87.75,True
horse,horse,99.82,True
bird,bird,99.48,True
truck,truck,83.59,True
automobile,automobile,94.81,True
frog,frog,99.94,True
automobile,truck,93.36,False
frog,deer,82.41,False
automobile,automobile,94.74,True
airplane,airplane,97.4,True
dog,dog,99.81,True
deer,deer,98.58,True
dog,dog,71.58,True
horse,horse,99.99,True
dog,dog,99.98,True
ship,ship,95.09,True
dog,horse,49.13,False
deer,dog,58.45,False
automobile,automobile,87.97,True
deer,horse,35.73,False
truck,truck,99.69,True
frog,frog,100.0,True
truck,truck,99.94,True
dog,dog,93.66,True
automobile,airplane,53.0,False
deer,deer,95.89,True
horse,horse,95.62,True
cat,cat,53.02,True
dog,cat,98.87,False
horse,horse,92.1,True
ship,ship,99.95,True
automobile,automobile,58.54,True
frog,frog,99.53,True
bird,bird,99.98,True
truck,truck,88.5,True
bird,cat,53.63,False
frog,frog,99.94,True
automobile,automobile,82.9,True
horse,horse,72.11,True
dog,dog,90.42,True
truck,truck,95.07,True
ship,ship,99.86,True
airplane,airplane,73.35,True
deer,deer,98.46,True
dog,dog,99.63,True
bird,bird,99.81,True
bird,bird,96.38,True
cat,cat,98.16,True
ship,ship,63.4,True
frog,frog,99.96,True
deer,deer,99.76,True
dog,dog,90.9,True
horse,horse,75.74,True
truck,cat,93.16,False
deer,deer,88.47,True
frog,ship,89.25,False
bird,bird,84.56,True
automobile,automobile,98.34,True
bird,deer,92.76,False
automobile,automobile,99.97,True
frog,frog,99.63,True
truck,truck,99.97,True
frog,frog,98.23,True
automobile,automobile,93.97,True
truck,truck,99.93,True
dog,dog,97.28,True
truck,truck,61.65,True
automobile,automobile,99.81,True
frog,frog,98.17,True
cat,cat,75.7,True
bird,bird,96.32,True
bird,bird,100.0,True
dog,dog,92.71,True
cat,bird,31.07,False
airplane,airplane,93.54,True
bird,automobile,73.54,False
airplane,airplane,76.4,True
deer,deer,99.61,True
cat,cat,95.89,True
dog,dog,78.2,True
cat,dog,54.92,False
ship,ship,65.65,True
automobile,automobile,93.46,True
ship,ship,99.98,True
automobile,automobile,99.12,True
bird,bird,81.41,True
airplane,airplane,96.42,True
deer,deer,97.52,True
ship,ship,53.13,True
deer,bird,81.61,False
bird,bird,69.97,True
ship,ship,96.35,True
frog,cat,83.4,False
bird,bird,94.99,True
ship,ship,99.95,True
automobile,automobile,98.93,True
bird,bird,99.61,True
ship,ship,100.0,True
automobile,automobile,82.49,True
bird,bird,99.95,True
ship,ship,99.94,True
truck,truck,99.43,True
cat,cat,98.58,True
horse,horse,87.87,True
bird,bird,99.92,True
dog,dog,74.5,True
deer,deer,99.62,True
dog,dog,97.49,True
ship,ship,100.0,True
airplane,airplane,92.73,True
truck,truck,97.27,True
ship,ship,99.39,True
deer,deer,96.84,True
deer,deer,97.15,True
dog,dog,98.95,True
airplane,airplane,97.14,True
horse,horse,99.97,True
deer,cat,75.61,False
airplane,airplane,97.07,True
frog,truck,30.72,False
cat,cat,99.76,True
bird,bird,99.88,True
truck,truck,89.87,True
dog,dog,99.87,True
bird,frog,32.89,False
horse,horse,93.49,True
airplane,airplane,96.13,True
deer,deer,37.33,True
cat,bird,34.28,False
ship,ship,74.59,True
cat,cat,83.69,True
ship,ship,57.59,True
automobile,automobile,52.38,True
frog,frog,99.76,True
truck,truck,98.95,True
deer,deer,96.81,True
airplane,airplane,98.23,True
horse,horse,99.98,True
cat,dog,92.37,False
dog,deer,43.87,False
bird,bird,95.97,True
deer,deer,69.48,True
airplane,airplane,99.38,True
cat,deer,86.92,False
automobile,automobile,99.09,True
dog,dog,96.28,True
bird,bird,97.29,True
dog,dog,100.0,True
deer,deer,52.4,True
dog,dog,99.77,True
dog,dog,62.18,True
bird,bird,99.95,True
horse,horse,99.96,True
horse,horse,85.2,True
automobile,automobile,99.91,True
airplane,airplane,63.87,True
truck,truck,83.43,True
deer,deer,98.96,True
ship,ship,99.71,True
airplane,frog,65.9,False
bird,bird,90.18,True
dog,dog,99.64,True
automobile,automobile,99.96,True
frog,deer,85.36,False
automobile,automobile,98.6,True
dog,dog,57.83,True
bird,bird,99.94,True
deer,dog,87.96,False
automobile,automobile,98.88,True
truck,truck,98.81,True
cat,cat,78.35,True
bird,bird,86.84,True
bird,deer,96.61,False
ship,ship,53.41,True
horse,horse,87.24,True
deer,deer,99.82,True
cat,deer,46.06,False
cat,dog,72.16,False
airplane,airplane,42.39,True
airplane,airplane,99.94,True
automobile,automobile,94.59,True
frog,cat,76.99,False
airplane,airplane,84.9,True
automobile,automobile,99.72,True
airplane,airplane,93.9,True
deer,bird,54.95,False
dog,dog,84.23,True
airplane,airplane,81.38,True
dog,cat,42.37,False
ship,ship,100.0,True
airplane,airplane,96.05,True
frog,frog,88.94,True
frog,frog,49.18,True
deer,deer,92.28,True
bird,bird,66.4,True
horse,horse,90.26,True
cat,cat,95.8,True
automobile,automobile,99.8,True
frog,frog,99.99,True
dog,frog,56.04,False
frog,frog,97.09,True
bird,bird,99.58,True
truck,truck,99.67,True
automobile,ship,74.29,False
bird,cat,43.48,False
truck,truck,60.96,True
automobile,automobile,99.03,True
automobile,automobile,99.94,True
airplane,airplane,92.65,True
deer,deer,99.96,True
dog,dog,99.52,True
automobile,automobile,99.97,True
ship,ship,99.98,True
truck,truck,30.61,True
truck,truck,96.87,True
cat,deer,61.23,False
truck,truck,90.14,True
truck,truck,96.36,True
cat,cat,61.51,True
horse,horse,99.92,True
truck,truck,99.81,True
horse,horse,100.0,True
frog,frog,98.3,True
deer,bird,49.07,False
dog,cat,29.37,False
deer,deer,98.11,True
frog,frog,94.0,True
truck,truck,93.27,True
bird,bird,79.5,True
deer,deer,99.84,True
bird,deer,93.01,False
airplane,airplane,99.93,True
horse,bird,43.35,False
cat,cat,96.3,True
cat,cat,98.73,True
frog,frog,99.86,True
cat,dog,86.52,False
horse,horse,98.11,True
dog,cat,80.23,False
bird,bird,98.64,True
truck,truck,99.46,True
ship,ship,100.0,True
bird,bird,97.15,True
horse,horse,99.95,True
ship,ship,99.18,True
cat,cat,44.64,True
dog,dog,99.98,True
horse,horse,99.48,True
cat,cat,96.58,True
dog,dog,99.96,True
horse,dog,65.71,False
airplane,airplane,99.62,True
airplane,airplane,82.19,True
truck,truck,100.0,True
cat,dog,59.76,False
airplane,airplane,99.8,True
dog,dog,94.85,True
ship,ship,99.99,True
airplane,airplane,94.13,True
ship,ship,97.76,True
dog,dog,99.94,True
truck,truck,100.0,True
cat,bird,52.59,False
airplane,airplane,99.96,True
deer,deer,99.05,True
truck,truck,94.9,True
automobile,automobile,99.99,True
truck,truck,100.0,True
horse,horse,39.93,True
bird,bird,99.36,True
frog,frog,99.41,True
dog,cat,50.03,False
cat,cat,60.3,True
cat,cat,92.33,True
airplane,airplane,99.87,True
deer,deer,99.13,True
cat,cat,77.14,True
ship,cat,92.13,False
deer,deer,90.06,True
ship,ship,99.98,True
automobile,automobile,99.98,True
automobile,automobile,99.94,True
automobile,automobile,97.25,True
truck,truck,99.71,True
frog,frog,99.95,True
bird,bird,93.7,True
horse,horse,100.0,True
horse,horse,99.97,True
deer,deer,86.95,True
horse,horse,96.16,True
deer,deer,99.54,True
deer,deer,80.43,True
cat,cat,98.3,True
airplane,airplane,99.29,True
dog,dog,62.69,True
dog,dog,91.09,True
horse,horse,99.98,True
bird,bird,64.19,True
horse,horse,99.98,True
truck,truck,99.95,True
truck,truck,99.95,True
deer,deer,67.05,True
frog,frog,99.27,True
cat,cat,96.13,True
truck,truck,99.91,True
deer,deer,96.73,True
ship,ship,99.14,True
deer,deer,98.95,True
bird,bird,99.74,True
bird,bird,99.9,True
deer,deer,97.44,True
airplane,airplane,99.7,True
bird,bird,86.68,True
airplane,airplane,100.0,True
dog,dog,98.4,True
frog,frog,99.99,True
automobile,automobile,99.65,True
deer,deer,75.21,True
frog,frog,76.75,True
automobile,automobile,92.35,True
airplane,ship,61.51,False
horse,horse,99.99,True
truck,truck,90.47,True
horse,horse,99.73,True
deer,deer,99.69,True
dog,dog,99.87,True
automobile,automobile,99.38,True
cat,cat,98.8,True
dog,dog,99.46,True
truck,truck,84.01,True
ship,ship,97.77,True
cat,bird,59.72,False
frog,frog,87.38,True
bird,bird,99.98,True
bird,bird,99.99,True
frog,frog,99.94,True
truck,truck,99.99,True
horse,horse,96.47,True
airplane,bird,70.94,False
ship,ship,98.65,True
horse,horse,93.53,True
automobile,automobile,79.5,True
ship,cat,29.01,False
deer,cat,84.92,False
ship,ship,99.83,True
truck,truck,99.63,True
airplane,airplane,98.28,True
airplane,airplane,58.75,True
frog,ship,73.73,False
cat,cat,79.16,True
ship,ship,98.51,True
airplane,airplane,99.78,True
horse,horse,94.75,True
frog,frog,98.54,True
deer,deer,99.79,True
airplane,airplane,79.31,True
cat,deer,96.32,False
ship,ship,82.76,True
automobile,automobile,95.37,True
ship,ship,99.96,True
airplane,airplane,100.0,True
deer,deer,99.87,True
dog,dog,98.78,True
horse,horse,32.76,True
dog,dog,98.78,True
ship,ship,99.97,True
horse,deer,74.4,False
frog,cat,63.03,False
truck,truck,96.33,True
frog,frog,100.0,True
bird,bird,93.9,True
ship,ship,99.92,True
ship,ship,92.28,True
airplane,airplane,82.63,True
dog,dog,99.63,True
cat,cat,99.23,True
horse,horse,99.98,True
ship,ship,59.18,True
cat,cat,98.32,True
automobile,automobile,87.94,True
cat,cat,96.32,True
bird,dog,57.73,False
airplane,airplane,81.52,True
deer,deer,96.44,True
cat,cat,76.05,True
deer,deer,99.12,True
airplane,airplane,99.98,True
deer,deer,93.38,True
truck,truck,80.95,True
frog,frog,64.62,True
horse,horse,74.14,True
truck,truck,95.71,True
dog,dog,99.97,True
automobile,automobile,95.47,True
horse,horse,99.97,True
bird,bird,96.98,True
ship,ship,98.49,True
frog,frog,97.19,True
deer,deer,85.21,True
cat,deer,38.81,False
bird,bird,89.14,True
bird,bird,95.93,True
airplane,airplane,88.2,True
horse,horse,99.78,True
truck,truck,94.79,True
truck,truck,99.62,True
ship,ship,99.97,True
horse,deer,68.71,False
frog,bird,46.84,False
automobile,automobile,79.57,True
frog,frog,99.46,True
cat,cat,98.27,True
deer,deer,99.99,True
truck,truck,99.98,True
truck,automobile,51.23,False
frog,frog,58.0,True
dog,dog,63.73,True
automobile,automobile,99.86,True
truck,truck,100.0,True
horse,horse,99.64,True
dog,dog,100.0,True
frog,bird,83.16,False
dog,dog,94.38,True
ship,ship,73.55,True
dog,deer,49.32,False
truck,truck,98.44,True
bird,bird,96.72,True
automobile,automobile,99.53,True
bird,bird,99.88,True
ship,ship,99.98,True
airplane,airplane,96.43,True
horse,horse,98.76,True
automobile,automobile,99.6,True
dog,bird,55.48,False
bird,bird,99.81,True
cat,airplane,50.2,False
truck,truck,99.65,True
dog,dog,46.84,True
deer,deer,99.99,True
bird,airplane,81.52,False
horse,horse,99.98,True
ship,ship,99.97,True
airplane,airplane,98.55,True
deer,deer,99.46,True
frog,frog,98.05,True
ship,ship,99.69,True
automobile,automobile,99.97,True
truck,truck,70.59,True
horse,horse,98.81,True
cat,cat,59.66,True
airplane,airplane,99.88,True
frog,frog,85.69,True
ship,airplane,97.3,False
ship,ship,98.03,True
automobile,automobile,99.4,True
bird,bird,99.98,True
horse,deer,37.18,False
automobile,automobile,56.53,True
dog,dog,64.95,True
frog,frog,99.88,True
deer,deer,72.51,True
horse,horse,100.0,True
frog,frog,100.0,True
deer,cat,59.11,False
dog,dog,87.61,True
horse,deer,28.55,False
automobile,automobile,99.66,True
deer,deer,99.72,True
frog,frog,57.3,True
airplane,airplane,99.79,True
cat,cat,93.78,True
truck,truck,100.0,True
truck,truck,90.7,True
bird,bird,99.88,True
ship,ship,99.93,True
cat,dog,75.2,False
automobile,automobile,99.84,True
dog,dog,71.71,True
frog,frog,82.35,True
cat,cat,98.72,True
truck,truck,97.7,True
deer,deer,86.73,True
ship,ship,60.15,True
truck,truck,95.2,True
airplane,airplane,98.82,True
frog,frog,99.21,True
bird,bird,100.0,True
bird,bird,99.59,True
horse,horse,27.43,True
deer,deer,72.75,True
deer,deer,98.75,True
airplane,airplane,99.83,True
automobile,automobile,66.61,True
airplane,airplane,99.95,True
automobile,automobile,97.07,True
ship,ship,61.01,True
automobile,automobile,99.35,True
automobile,automobile,93.15,True
bird,cat,85.49,False
horse,horse,99.97,True
dog,cat,69.35,False
cat,cat,78.62,True
horse,horse,99.99,True
deer,deer,97.07,True
horse,horse,70.77,True
automobile,automobile,96.83,True
dog,dog,83.76,True
truck,truck,99.93,True
dog,cat,55.71,False
ship,deer,95.16,False
dog,dog,97.57,True
cat,cat,62.14,True
ship,ship,99.92,True
deer,deer,70.26,True
dog,dog,58.44,True
frog,frog,82.1,True
cat,cat,75.72,True
deer,deer,95.52,True
deer,deer,99.43,True
frog,frog,97.02,True
deer,deer,99.06,True
dog,dog,67.15,True
automobile,automobile,99.95,True
bird,automobile,38.98,False
ship,ship,99.38,True
truck,truck,92.92,True
ship,ship,100.0,True
truck,cat,40.62,False
automobile,automobile,99.79,True
truck,truck,99.69,True
automobile,automobile,99.0,True
deer,dog,86.27,False
cat,cat,70.99,True
automobile,automobile,99.95,True
bird,bird,99.99,True
frog,frog,96.82,True
cat,cat,47.16,True
ship,airplane,64.99,False
ship,ship,99.98,True
horse,horse,92.5,True
dog,dog,99.67,True
deer,deer,87.55,True
airplane,airplane,98.67,True
dog,dog,98.21,True
horse,horse,95.26,True
deer,deer,79.8,True
deer,deer,78.15,True
automobile,automobile,99.99,True
airplane,airplane,98.66,True
bird,bird,99.99,True
dog,dog,99.04,True
airplane,airplane,75.34,True
frog,frog,94.1,True
horse,horse,98.89,True
frog,frog,69.61,True
airplane,ship,73.63,False
truck,truck,100.0,True
dog,dog,98.83,True
cat,deer,50.4,False
dog,dog,97.95,True
frog,frog,99.11,True
automobile,automobile,99.81,True
bird,airplane,90.28,False
airplane,airplane,99.87,True
truck,truck,88.06,True
frog,frog,99.88,True
frog,frog,90.65,True
deer,deer,95.56,True
cat,cat,48.46,True
horse,horse,61.17,True
automobile,airplane,42.59,False
airplane,airplane,77.49,True
frog,frog,99.99,True
cat,cat,87.69,True
dog,frog,81.43,False
automobile,automobile,99.71,True
airplane,airplane,69.54,True
dog,cat,60.71,False
bird,frog,34.16,False
deer,dog,73.73,False
deer,deer,100.0,True
airplane,airplane,95.19,True
bird,bird,94.78,True
horse,horse,99.94,True
bird,bird,67.19,True
dog,dog,97.99,True
frog,frog,100.0,True
dog,dog,99.6,True
automobile,automobile,99.94,True
truck,ship,35.34,False
dog,dog,99.94,True
airplane,airplane,96.04,True
deer,deer,75.2,True
truck,truck,98.59,True
airplane,airplane,99.86,True
automobile,automobile,95.5,True
airplane,airplane,99.83,True
horse,horse,99.82,True
cat,cat,80.8,True
cat,truck,34.99,False
bird,bird,98.24,True
deer,deer,99.95,True
deer,bird,52.2,False
frog,frog,99.06,True
frog,frog,99.74,True
frog,frog,99.9,True
truck,truck,73.09,True
bird,bird,67.92,True
deer,deer,99.99,True
bird,bird,99.98,True
automobile,automobile,99.78,True
ship,ship,97.56,True
bird,bird,98.59,True
ship,ship,99.92,True
cat,cat,97.49,True
bird,bird,30.75,True
dog,bird,98.2,False
truck,truck,99.99,True
cat,cat,89.92,True
cat,cat,71.13,True
bird,deer,87.91,False
cat,cat,60.35,True
frog,frog,98.66,True
truck,truck,99.94,True
airplane,airplane,86.06,True
horse,horse,99.96,True
bird,bird,99.56,True
deer,deer,94.68,True
airplane,airplane,99.47,True
bird,bird,92.16,True
horse,horse,41.38,True
frog,frog,99.99,True
truck,truck,99.27,True
automobile,automobile,94.4,True
bird,bird,99.96,True
airplane,deer,50.56,False
airplane,airplane,99.8,True
deer,deer,99.73,True
bird,airplane,45.17,False
cat,dog,99.4,False
deer,deer,95.68,True
cat,cat,96.55,True
cat,cat,68.81,True
bird,bird,76.25,True
horse,deer,54.66,False
airplane,airplane,81.5,True
frog,frog,60.66,True
ship,ship,99.82,True
deer,deer,99.82,True
frog,frog,97.29,True
frog,cat,62.19,False
dog,dog,80.75,True
airplane,airplane,99.36,True
airplane,automobile,49.05,False
automobile,automobile,99.74,True
truck,truck,70.22,True
horse,horse,98.04,True
airplane,airplane,66.63,True
frog,deer,60.69,False
ship,automobile,80.23,False
deer,horse,95.85,False
horse,horse,99.5,True
frog,frog,99.93,True
bird,bird,96.64,True
dog,horse,98.72,False
automobile,automobile,99.7,True
automobile,automobile,99.67,True
truck,truck,95.66,True
frog,frog,99.94,True
ship,ship,66.41,True
ship,ship,99.26,True
truck,truck,81.46,True
bird,bird,99.85,True
automobile,automobile,76.57,True
truck,truck,100.0,True
horse,horse,99.23,True
ship,ship,100.0,True
truck,truck,99.64,True
cat,dog,91.89,False
horse,horse,99.98,True
cat,cat,56.24,True
bird,bird,99.96,True
deer,deer,99.84,True
bird,bird,92.58,True
deer,deer,98.26,True
dog,dog,53.43,True
truck,truck,77.73,True
deer,deer,94.8,True
horse,deer,65.43,False
truck,truck,45.48,True
dog,dog,99.13,True
horse,horse,99.26,True
horse,bird,87.74,False
truck,truck,98.71,True
bird,bird,100.0,True
bird,bird,85.82,True
cat,cat,64.25,True
deer,deer,95.86,True
automobile,automobile,99.98,True
automobile,automobile,98.45,True
airplane,airplane,99.63,True
airplane,airplane,98.06,True
dog,dog,99.89,True
frog,frog,93.37,True
truck,truck,99.35,True
truck,horse,57.17,False
airplane,airplane,98.0,True
bird,bird,91.14,True
bird,bird,96.66,True
frog,frog,99.98,True
dog,dog,75.85,True
ship,ship,97.17,True
frog,frog,99.93,True
airplane,airplane,97.76,True
airplane,airplane,99.66,True
automobile,automobile,99.7,True
cat,cat,96.88,True
cat,cat,86.88,True
horse,horse,99.55,True
horse,horse,99.94,True
frog,frog,99.25,True
frog,frog,89.02,True
horse,horse,95.62,True
dog,dog,97.69,True
dog,dog,99.77,True
ship,ship,91.22,True
deer,deer,40.38,True
horse,horse,98.71,True
airplane,ship,72.34,False
horse,horse,99.99,True
horse,horse,99.47,True
dog,dog,99.05,True
ship,ship,43.09,True
frog,frog,99.83,True
horse,horse,95.06,True
horse,horse,91.64,True
deer,deer,95.14,True
cat,frog,38.42,False
cat,cat,87.51,True
automobile,automobile,98.94,True
dog,dog,99.68,True
frog,dog,68.29,False
ship,ship,99.82,True
horse,horse,65.15,True
horse,horse,99.99,True
airplane,deer,94.85,False
ship,ship,84.35,True
horse,horse,99.92,True
truck,truck,99.97,True
ship,ship,98.64,True
horse,horse,100.0,True
frog,frog,99.24,True
airplane,airplane,66.87,True
horse,horse,99.94,True
frog,frog,99.3,True
airplane,ship,58.27,False
truck,automobile,74.92,False
automobile,automobile,77.04,True
airplane,airplane,78.25,True
cat,bird,80.76,False
truck,truck,100.0,True
automobile,ship,97.79,False
bird,bird,99.97,True
frog,frog,98.67,True
deer,deer,97.55,True
airplane,airplane,99.87,True
truck,truck,98.41,True
horse,horse,100.0,True
cat,cat,79.26,True
dog,dog,88.03,True
cat,airplane,50.56,False
bird,bird,35.29,True
automobile,automobile,92.03,True
airplane,airplane,94.76,True
automobile,automobile,98.98,True
frog,frog,100.0,True
automobile,automobile,100.0,True
airplane,airplane,99.61,True
ship,ship,99.79,True
truck,truck,100.0,True
truck,truck,99.99,True
ship,ship,99.76,True
truck,truck,99.31,True
dog,cat,64.68,False
dog,bird,71.53,False
frog,frog,97.68,True
dog,dog,99.99,True
horse,horse,99.98,True
horse,automobile,52.28,False
airplane,airplane,92.04,True
ship,ship,99.97,True
ship,ship,99.99,True
truck,truck,94.39,True
deer,deer,82.57,True
deer,deer,99.78,True
automobile,automobile,98.61,True
airplane,airplane,97.61,True
horse,horse,99.99,True
cat,cat,58.16,True
truck,truck,99.92,True
deer,deer,99.88,True
airplane,airplane,99.01,True
automobile,automobile,99.76,True
horse,cat,60.29,False
cat,cat,77.15,True
horse,horse,99.85,True
frog,frog,75.43,True
ship,ship,78.27,True
truck,truck,77.67,True
horse,horse,88.28,True
cat,cat,68.84,True
bird,frog,98.84,False
ship,ship,99.89,True
frog,frog,81.12,True
frog,frog,100.0,True
ship,ship,97.87,True
bird,bird,99.55,True
truck,automobile,69.9,False
bird,truck,43.32,False
frog,frog,41.96,True
ship,ship,99.93,True
frog,frog,96.02,True
dog,horse,71.11,False
bird,airplane,61.07,False
horse,horse,99.85,True
automobile,automobile,99.91,True
deer,deer,84.04,True
bird,bird,72.33,True
frog,frog,89.62,True
truck,truck,87.05,True
cat,cat,95.99,True
airplane,airplane,98.1,True
ship,ship,99.0,True
airplane,airplane,88.93,True
ship,ship,99.87,True
airplane,airplane,99.9,True
truck,truck,99.72,True
deer,deer,96.49,True
ship,ship,99.99,True
frog,frog,99.86,True
deer,deer,99.94,True
bird,bird,99.81,True
airplane,airplane,59.89,True
ship,ship,97.32,True
truck,truck,99.81,True
dog,dog,89.64,True
truck,truck,99.92,True
frog,frog,99.97,True
dog,cat,30.72,False
deer,horse,86.96,False
dog,dog,99.82,True
horse,horse,99.95,True
deer,airplane,60.65,False
bird,cat,44.92,False
bird,bird,99.98,True
deer,airplane,95.28,False
airplane,airplane,96.85,True
dog,dog,93.85,True
automobile,automobile,99.91,True
ship,ship,82.39,True
deer,deer,96.87,True
bird,bird,96.98,True
automobile,automobile,95.06,True
cat,cat,99.44,True
horse,horse,99.9,True
dog,dog,99.9,True
dog,dog,65.69,True
automobile,bird,60.2,False
horse,horse,47.98,True
deer,airplane,73.81,False
dog,horse,70.55,False
ship,ship,99.86,True
bird,bird,99.47,True
deer,deer,91.65,True
automobile,automobile,92.32,True
truck,truck,99.85,True
horse,horse,99.86,True
ship,ship,99.84,True
deer,deer,99.83,True
cat,cat,40.66,True
cat,cat,96.86,True
cat,cat,99.81,True
airplane,airplane,32.13,True
bird,bird,99.93,True
cat,cat,99.44,True
cat,cat,89.41,True
ship,ship,99.41,True
horse,deer,69.31,False
dog,cat,52.18,False
ship,ship,98.91,True
horse,cat,48.06,False
frog,frog,88.7,True
cat,cat,98.85,True
cat,cat,90.69,True
ship,ship,98.11,True
ship,ship,99.95,True
frog,deer,67.86,False
dog,dog,99.96,True
frog,frog,99.48,True
automobile,ship,48.86,False
bird,bird,99.96,True
automobile,automobile,99.67,True
horse,horse,97.2,True
truck,truck,89.26,True
dog,dog,99.51,True
deer,deer,90.12,True
ship,ship,95.59,True
automobile,automobile,39.49,True
bird,bird,58.73,True
bird,bird,91.61,True
cat,cat,68.08,True
bird,bird,68.69,True
truck,truck,82.79,True
ship,ship,100.0,True
dog,bird,52.72,False
ship,airplane,98.2,False
frog,frog,88.1,True
truck,truck,84.36,True
ship,ship,90.45,True
automobile,automobile,99.58,True
bird,bird,87.28,True
ship,ship,99.51,True
frog,frog,99.61,True
cat,cat,44.46,True
truck,truck,97.42,True
dog,frog,34.43,False
ship,ship,100.0,True
automobile,automobile,83.74,True
horse,horse,98.49,True
ship,airplane,44.78,False
dog,dog,89.88,True
horse,horse,92.33,True
deer,deer,78.98,True
automobile,automobile,94.49,True
dog,cat,58.49,False
truck,truck,84.34,True
horse,horse,95.13,True
horse,horse,99.99,True
horse,horse,99.79,True
frog,frog,75.68,True
frog,frog,99.92,True
frog,frog,99.98,True
airplane,airplane,92.57,True
ship,ship,99.09,True
cat,cat,46.13,True
ship,ship,94.89,True
truck,truck,100.0,True
frog,frog,98.86,True
frog,frog,58.32,True
truck,truck,99.57,True
cat,cat,85.97,True
ship,ship,68.59,True
deer,deer,98.99,True
ship,ship,88.45,True
frog,frog,93.79,True
automobile,automobile,75.21,True
deer,deer,88.92,True
deer,deer,93.77,True
cat,cat,89.13,True
truck,truck,99.97,True
dog,airplane,50.24,False
airplane,airplane,96.72,True
airplane,airplane,93.63,True
ship,airplane,84.51,False
automobile,automobile,99.73,True
dog,cat,82.6,False
airplane,airplane,98.05,True
horse,airplane,90.01,False
airplane,ship,47.46,False
cat,cat,54.02,True
horse,horse,94.88,True
automobile,automobile,99.72,True
cat,cat,95.5,True
cat,cat,54.4,True
truck,truck,95.99,True
horse,deer,74.37,False
automobile,truck,61.92,False
deer,cat,50.42,False
horse,truck,76.52,False
airplane,airplane,99.06,True
airplane,airplane,100.0,True
dog,dog,98.1,True
dog,dog,87.65,True
ship,ship,97.82,True
bird,bird,99.84,True
bird,bird,82.63,True
truck,truck,100.0,True
airplane,airplane,99.93,True
horse,horse,98.31,True
deer,cat,80.76,False
horse,horse,99.99,True
bird,bird,99.64,True
dog,dog,99.99,True
ship,ship,99.97,True
airplane,airplane,99.94,True
deer,deer,98.96,True
horse,horse,98.85,True
bird,bird,93.75,True
horse,horse,60.77,True
bird,bird,99.71,True
automobile,automobile,99.54,True
bird,bird,97.71,True
airplane,airplane,92.11,True
dog,dog,91.29,True
horse,horse,99.92,True
horse,horse,99.06,True
dog,dog,76.82,True
automobile,automobile,60.96,True
deer,deer,99.87,True
horse,horse,98.85,True
frog,frog,97.51,True
frog,frog,99.84,True
cat,cat,94.94,True
deer,deer,97.49,True
bird,bird,79.87,True
horse,horse,99.75,True
frog,frog,88.47,True
frog,frog,97.52,True
automobile,automobile,98.64,True
airplane,airplane,98.95,True
truck,truck,98.4,True
cat,cat,69.61,True
automobile,automobile,76.72,True
deer,deer,98.21,True
automobile,ship,36.08,False
automobile,automobile,89.75,True
frog,frog,98.7,True
cat,cat,91.9,True
horse,cat,50.3,False
dog,cat,48.0,False
ship,ship,99.17,True
truck,truck,99.99,True
dog,horse,76.88,False
frog,frog,99.96,True
horse,horse,94.09,True
dog,dog,93.16,True
deer,deer,99.99,True
airplane,airplane,97.35,True
horse,horse,99.97,True
automobile,automobile,93.34,True
deer,cat,59.21,False
deer,deer,88.46,True
frog,frog,98.79,True
bird,bird,57.4,True
truck,truck,99.92,True
cat,cat,80.97,True
horse,horse,99.84,True
frog,frog,98.99,True
dog,cat,77.17,False
ship,ship,99.99,True
automobile,automobile,99.99,True
horse,horse,90.54,True
truck,truck,99.61,True
bird,bird,99.78,True
frog,frog,100.0,True
truck,truck,99.85,True
automobile,automobile,99.35,True
bird,bird,99.95,True
bird,bird,98.18,True
cat,truck,39.18,False
deer,deer,99.91,True
frog,frog,98.85,True
truck,truck,99.23,True
deer,deer,79.8,True
horse,horse,99.92,True
automobile,automobile,99.3,True
airplane,ship,82.04,False
horse,horse,100.0,True
cat,cat,95.07,True
frog,frog,99.52,True
horse,horse,99.79,True
automobile,automobile,89.83,True
deer,deer,100.0,True
horse,dog,75.32,False
deer,deer,99.4,True
deer,cat,36.25,False
bird,airplane,90.77,False
bird,bird,86.29,True
cat,deer,58.45,False
horse,horse,99.41,True
deer,deer,94.17,True
truck,truck,62.57,True
truck,truck,99.69,True
airplane,airplane,99.98,True
truck,truck,99.99,True
deer,horse,61.44,False
frog,bird,80.97,False
automobile,automobile,98.62,True
dog,truck,31.13,False
cat,cat,53.99,True
dog,dog,99.99,True
cat,dog,54.64,False
truck,truck,94.86,True
ship,ship,97.11,True
bird,bird,91.75,True
automobile,automobile,95.59,True
bird,bird,81.11,True
frog,frog,99.97,True
airplane,airplane,98.89,True
automobile,automobile,98.59,True
automobile,automobile,99.58,True
truck,truck,97.89,True
automobile,automobile,99.54,True
automobile,automobile,96.04,True
truck,truck,96.67,True
horse,bird,62.95,False
deer,deer,99.72,True
ship,ship,99.78,True
frog,frog,99.99,True
cat,cat,59.13,True
ship,ship,99.31,True
ship,ship,99.98,True
deer,deer,85.51,True
dog,dog,92.37,True
airplane,airplane,100.0,True
truck,truck,99.96,True
automobile,automobile,99.94,True
ship,ship,96.67,True
horse,horse,99.87,True
dog,deer,74.68,False
cat,cat,99.72,True
cat,bird,94.98,False
frog,frog,96.55,True
airplane,airplane,91.17,True
ship,truck,74.94,False
bird,bird,99.98,True
bird,bird,96.67,True
horse,dog,50.75,False
cat,cat,71.35,True
automobile,automobile,99.95,True
deer,deer,94.07,True
dog,dog,99.96,True
automobile,automobile,99.95,True
cat,bird,84.23,False
deer,deer,78.82,True
airplane,airplane,99.76,True
truck,truck,85.38,True
deer,deer,99.67,True
cat,cat,54.1,True
dog,horse,95.03,False
automobile,automobile,70.77,True
ship,ship,99.85,True
deer,deer,97.56,True
dog,dog,98.79,True
airplane,ship,92.84,False
truck,truck,82.99,True
cat,dog,51.07,False
airplane,airplane,67.25,True
airplane,airplane,96.21,True
ship,ship,51.02,True
airplane,airplane,82.83,True
bird,bird,76.07,True
dog,deer,94.55,False
deer,deer,99.95,True
deer,deer,62.16,True
frog,frog,99.82,True
ship,ship,97.85,True
ship,ship,72.75,True
cat,dog,49.92,False
deer,deer,99.74,True
cat,dog,91.23,False
frog,frog,100.0,True
ship,ship,99.1,True
cat,bird,89.68,False
ship,ship,81.95,True
deer,deer,61.93,True
frog,frog,69.18,True
dog,dog,99.8,True
automobile,automobile,99.73,True
truck,truck,99.94,True
automobile,automobile,99.07,True
ship,ship,100.0,True
horse,horse,99.4,True
bird,bird,84.46,True
airplane,airplane,99.8,True
frog,frog,64.56,True
deer,deer,89.31,True
frog,frog,99.68,True
frog,frog,99.33,True
cat,cat,95.18,True
horse,horse,99.72,True
automobile,automobile,82.09,True
deer,deer,98.05,True
frog,frog,86.8,True
cat,cat,92.63,True
deer,deer,71.72,True
truck,truck,99.99,True
truck,truck,60.91,True
cat,dog,64.9,False
horse,horse,95.69,True
truck,truck,99.81,True
automobile,automobile,100.0,True
frog,frog,99.91,True
automobile,automobile,99.94,True
frog,frog,35.0,True
airplane,airplane,97.84,True
deer,deer,95.57,True
horse,horse,99.97,True
bird,bird,99.99,True
truck,truck,71.01,True
frog,frog,99.6,True
dog,dog,99.31,True
automobile,automobile,99.02,True
bird,horse,56.1,False
cat,cat,50.24,True
deer,deer,98.44,True
automobile,automobile,99.91,True
airplane,dog,55.61,False
airplane,airplane,85.58,True
automobile,automobile,97.89,True
automobile,automobile,98.83,True
truck,truck,99.3,True
horse,horse,94.81,True
deer,deer,99.89,True
automobile,automobile,90.66,True
deer,deer,61.35,True
truck,dog,36.79,False
frog,frog,93.43,True
horse,horse,99.97,True
horse,horse,61.46,True
airplane,deer,96.83,False
frog,frog,91.3,True
cat,cat,38.81,True
ship,ship,97.31,True
bird,deer,45.21,False
horse,automobile,98.37,False
automobile,automobile,87.19,True
airplane,truck,61.66,False
cat,deer,87.23,False
truck,truck,96.89,True
airplane,airplane,63.92,True
bird,bird,100.0,True
truck,truck,99.7,True
cat,bird,60.3,False
bird,dog,90.17,False
dog,dog,60.34,True
deer,deer,80.45,True
airplane,airplane,88.99,True
automobile,automobile,99.47,True
automobile,automobile,95.7,True
truck,truck,99.8,True
airplane,airplane,99.71,True
horse,dog,52.56,False
cat,cat,85.91,True
cat,dog,61.96,False
truck,truck,99.95,True
horse,horse,91.9,True
frog,frog,99.99,True
truck,truck,91.21,True
automobile,automobile,99.96,True
ship,ship,99.84,True
dog,dog,93.13,True
horse,horse,96.86,True
ship,ship,99.78,True
truck,truck,99.96,True
bird,bird,99.68,True
ship,ship,99.0,True
ship,ship,98.42,True
deer,bird,49.52,False
deer,deer,69.19,True
ship,ship,99.93,True
truck,truck,97.52,True
ship,ship,72.24,True
frog,cat,70.03,False
truck,truck,56.86,True
frog,frog,98.42,True
dog,dog,98.96,True
airplane,airplane,99.37,True
dog,cat,83.62,False
cat,cat,94.6,True
bird,bird,99.67,True
ship,ship,99.99,True
truck,truck,98.0,True
frog,frog,80.26,True
deer,deer,84.05,True
truck,truck,55.82,True
automobile,truck,74.4,False
deer,deer,98.83,True
airplane,airplane,99.64,True
ship,ship,55.14,True
airplane,airplane,43.25,True
bird,bird,73.03,True
truck,truck,62.48,True
truck,truck,95.53,True
truck,truck,99.27,True
airplane,airplane,84.49,True
bird,bird,98.3,True
truck,truck,99.79,True
ship,ship,99.94,True
dog,dog,83.56,True
deer,deer,90.56,True
frog,frog,99.92,True
deer,deer,86.18,True
deer,deer,75.88,True
frog,frog,99.98,True
cat,cat,96.66,True
bird,deer,99.85,False
frog,frog,99.16,True
ship,ship,61.24,True
frog,frog,99.98,True
bird,bird,99.99,True
horse,horse,99.94,True
dog,dog,97.43,True
automobile,automobile,90.04,True
truck,truck,67.57,True
frog,frog,99.8,True
deer,deer,99.8,True
ship,ship,95.62,True
truck,truck,84.99,True
dog,dog,93.04,True
ship,ship,99.98,True
deer,deer,94.44,True
truck,automobile,67.13,False
dog,dog,80.62,True
ship,ship,87.06,True
dog,frog,39.55,False
horse,horse,89.86,True
automobile,automobile,94.88,True
dog,deer,39.79,False
horse,horse,91.8,True
ship,ship,62.61,True
airplane,airplane,99.88,True
ship,ship,99.99,True
horse,horse,95.98,True
deer,airplane,73.02,False
ship,ship,96.28,True
horse,cat,70.56,False
ship,ship,95.87,True
cat,dog,86.13,False
airplane,airplane,79.36,True
horse,horse,99.92,True
bird,bird,99.62,True
dog,bird,79.38,False
cat,cat,95.75,True
horse,horse,99.06,True
cat,cat,87.96,True
truck,truck,99.89,True
dog,dog,86.76,True
airplane,airplane,62.9,True
dog,frog,66.48,False
bird,bird,93.18,True
truck,truck,99.99,True
cat,cat,67.22,True
bird,bird,46.11,True
airplane,airplane,98.06,True
truck,truck,99.99,True
frog,frog,83.28,True
ship,ship,99.15,True
frog,frog,99.79,True
bird,bird,100.0,True
bird,bird,99.99,True
dog,dog,99.57,True
cat,cat,89.22,True
truck,frog,47.72,False
bird,bird,52.78,True
ship,ship,99.79,True
dog,dog,99.45,True
ship,ship,99.95,True
horse,horse,99.41,True
bird,bird,98.39,True
airplane,airplane,98.91,True
horse,horse,99.97,True
deer,deer,99.5,True
frog,frog,94.65,True
ship,airplane,91.72,False
dog,dog,80.25,True
truck,truck,95.73,True
ship,ship,96.49,True
bird,cat,46.89,False
truck,truck,99.96,True
airplane,airplane,99.99,True
ship,ship,99.91,True
frog,frog,97.67,True
frog,frog,97.89,True
cat,cat,82.45,True
airplane,airplane,100.0,True
deer,bird,59.45,False
bird,bird,99.77,True
bird,bird,100.0,True
bird,airplane,94.76,False
bird,bird,58.58,True
truck,truck,98.27,True
horse,horse,99.76,True
cat,cat,86.07,True
truck,horse,40.95,False
airplane,airplane,99.99,True
deer,deer,98.88,True
deer,deer,98.73,True
bird,bird,99.5,True
cat,cat,92.12,True
automobile,automobile,99.03,True
horse,horse,73.5,True
frog,frog,92.55,True
cat,cat,47.23,True
truck,truck,100.0,True
dog,cat,78.09,False
frog,frog,64.38,True
truck,truck,99.97,True
automobile,automobile,67.57,True
frog,frog,100.0,True
frog,frog,98.48,True
frog,frog,100.0,True
cat,dog,86.13,False
deer,deer,99.88,True
bird,bird,98.73,True
dog,cat,69.71,False
dog,dog,99.89,True
horse,dog,56.08,False
horse,horse,99.26,True
airplane,airplane,99.98,True
ship,ship,98.44,True
frog,frog,94.7,True
ship,ship,99.44,True
automobile,automobile,89.08,True
deer,deer,64.24,True
horse,horse,95.72,True
dog,cat,63.99,False
automobile,automobile,99.73,True
dog,dog,92.93,True
automobile,automobile,99.94,True
airplane,airplane,93.39,True
truck,truck,98.31,True
truck,truck,99.99,True
horse,horse,99.57,True
deer,deer,98.7,True
horse,horse,99.65,True
airplane,airplane,94.16,True
dog,dog,99.93,True
airplane,airplane,43.48,True
airplane,airplane,66.28,True
frog,frog,99.8,True
automobile,automobile,95.26,True
horse,horse,100.0,True
dog,dog,97.03,True
frog,frog,98.08,True
deer,deer,99.38,True
cat,dog,50.15,False
ship,ship,99.94,True
horse,horse,90.92,True
ship,ship,81.5,True
airplane,airplane,94.54,True
frog,frog,72.72,True
bird,bird,99.6,True
automobile,automobile,99.46,True
deer,deer,99.68,True
deer,deer,99.23,True
cat,cat,94.32,True
bird,bird,72.76,True
cat,cat,76.32,True
automobile,automobile,66.98,True
bird,bird,99.76,True
bird,bird,99.59,True
automobile,automobile,99.92,True
dog,dog,71.45,True
truck,truck,100.0,True
airplane,airplane,99.99,True
truck,truck,94.62,True
horse,horse,98.7,True
automobile,automobile,99.74,True
bird,bird,73.32,True
automobile,automobile,99.68,True
bird,airplane,97.09,False
frog,frog,99.78,True
airplane,airplane,97.68,True
ship,ship,99.9,True
airplane,airplane,82.72,True
ship,airplane,70.94,False
airplane,airplane,99.67,True
automobile,automobile,99.93,True
airplane,airplane,99.9,True
truck,truck,97.56,True
ship,ship,99.98,True
bird,bird,98.99,True
cat,cat,63.84,True
cat,frog,88.24,False
cat,dog,94.58,False
airplane,airplane,95.27,True
automobile,automobile,67.72,True
bird,bird,95.35,True
cat,cat,70.43,True
dog,dog,99.17,True
deer,dog,56.98,False
dog,cat,88.69,False
automobile,automobile,99.85,True
bird,bird,99.49,True
deer,deer,99.46,True
frog,truck,55.64,False
horse,horse,99.96,True
dog,dog,99.91,True
airplane,airplane,99.36,True
horse,horse,99.76,True
cat,cat,44.9,True
airplane,deer,62.35,False
automobile,automobile,54.77,True
deer,deer,41.3,True
cat,dog,87.17,False
cat,cat,91.43,True
truck,truck,92.7,True
airplane,airplane,99.97,True
dog,cat,55.96,False
ship,ship,100.0,True
dog,dog,93.06,True
cat,cat,87.42,True
deer,deer,93.91,True
truck,truck,99.99,True
automobile,automobile,99.34,True
ship,ship,99.94,True
truck,truck,94.32,True
truck,truck,99.99,True
deer,deer,97.28,True
airplane,airplane,51.86,True
dog,dog,93.54,True
bird,bird,56.46,True
automobile,ship,61.96,False
horse,horse,99.97,True
truck,truck,99.99,True
cat,cat,73.85,True
bird,bird,32.24,True
bird,dog,45.64,False
horse,horse,54.78,True
frog,frog,100.0,True
airplane,airplane,78.95,True
dog,dog,69.27,True
truck,truck,99.28,True
bird,deer,30.6,False
dog,cat,36.68,False
automobile,automobile,99.24,True
deer,deer,86.66,True
airplane,airplane,99.52,True
ship,ship,52.29,True
cat,cat,75.03,True
frog,frog,99.8,True
airplane,airplane,83.37,True
truck,truck,99.74,True
frog,frog,67.99,True
dog,cat,68.82,False
truck,truck,99.93,True
bird,bird,99.99,True
frog,frog,86.56,True
horse,horse,99.85,True
cat,cat,98.29,True
ship,ship,71.29,True
airplane,airplane,99.84,True
bird,bird,99.25,True
frog,frog,75.07,True
bird,bird,98.7,True
truck,truck,98.8,True
horse,horse,99.98,True
deer,deer,99.79,True
truck,truck,80.25,True
dog,dog,99.54,True
frog,frog,99.89,True
bird,bird,99.28,True
frog,frog,99.49,True
cat,cat,88.59,True
truck,truck,85.69,True
ship,ship,96.21,True
truck,truck,99.96,True
deer,deer,65.82,True
truck,truck,99.95,True
truck,truck,99.82,True
bird,bird,98.26,True
airplane,airplane,90.68,True
deer,deer,56.47,True
dog,frog,48.13,False
cat,cat,98.89,True
automobile,automobile,99.5,True
cat,cat,89.43,True
dog,automobile,41.55,False
bird,bird,99.84,True
bird,bird,100.0,True
cat,cat,95.35,True
frog,frog,99.99,True
frog,frog,99.09,True
ship,ship,99.87,True
deer,deer,97.82,True
deer,bird,89.7,False
airplane,airplane,97.25,True
cat,cat,86.77,True
automobile,automobile,99.95,True
ship,ship,98.42,True
deer,cat,39.47,False
horse,horse,59.93,True
dog,dog,99.44,True
automobile,automobile,99.56,True
deer,deer,87.1,True
cat,frog,50.76,False
cat,cat,42.16,True
airplane,airplane,99.97,True
deer,deer,93.51,True
cat,deer,72.59,False
cat,cat,93.9,True
horse,horse,99.57,True
bird,cat,63.69,False
cat,cat,98.49,True
cat,cat,92.17,True
dog,dog,98.78,True
airplane,airplane,96.17,True
bird,frog,69.17,False
horse,horse,39.53,True
horse,horse,99.98,True
cat,cat,77.04,True
cat,horse,90.02,False
airplane,deer,72.09,False
ship,ship,49.99,True
horse,horse,98.28,True
ship,ship,99.32,True
deer,deer,99.97,True
horse,horse,99.72,True
truck,truck,67.7,True
airplane,ship,82.33,False
truck,truck,99.75,True
cat,cat,58.93,True
airplane,airplane,99.3,True
frog,frog,99.8,True
automobile,automobile,99.76,True
cat,cat,93.2,True
automobile,automobile,98.11,True
frog,frog,99.6,True
bird,bird,95.42,True
horse,horse,99.93,True
frog,frog,93.84,True
airplane,airplane,96.34,True
horse,horse,75.18,True
ship,ship,94.35,True
horse,horse,99.31,True
automobile,automobile,97.05,True
truck,truck,99.14,True
deer,deer,99.77,True
automobile,automobile,99.81,True
dog,cat,59.67,False
dog,dog,90.97,True
bird,airplane,89.29,False
cat,horse,71.05,False
frog,frog,99.36,True
deer,deer,99.47,True
dog,dog,54.08,True
cat,deer,85.54,False
dog,dog,99.97,True
frog,frog,97.8,True
frog,frog,54.67,True
ship,ship,99.77,True
airplane,airplane,98.72,True
truck,truck,99.82,True
deer,deer,99.77,True
cat,cat,53.59,True
dog,dog,99.96,True
dog,dog,93.73,True
deer,deer,82.1,True
cat,cat,87.08,True
horse,horse,79.53,True
airplane,airplane,99.15,True
bird,bird,96.93,True
bird,bird,99.99,True
bird,bird,46.54,True
dog,dog,99.36,True
truck,truck,99.74,True
dog,cat,42.19,False
horse,horse,99.98,True
bird,cat,84.23,False
airplane,airplane,97.83,True
ship,ship,99.98,True
deer,deer,99.74,True
truck,truck,96.89,True
dog,cat,41.81,False
bird,bird,40.99,True
horse,horse,89.84,True
deer,horse,97.57,False
airplane,airplane,99.54,True
ship,ship,99.61,True
frog,frog,98.87,True
bird,bird,99.9,True
bird,horse,85.79,False
horse,dog,51.59,False
ship,ship,95.35,True
automobile,automobile,100.0,True
airplane,airplane,99.34,True
bird,bird,99.94,True
automobile,automobile,99.05,True
ship,ship,97.32,True
horse,dog,41.54,False
airplane,airplane,100.0,True
truck,truck,62.11,True
automobile,automobile,42.16,True
frog,frog,59.94,True
truck,truck,63.41,True
cat,cat,70.73,True
dog,dog,94.16,True
airplane,deer,64.06,False
bird,bird,92.81,True
airplane,truck,56.11,False
airplane,airplane,95.69,True
dog,cat,63.15,False
automobile,automobile,99.99,True
horse,horse,62.79,True
automobile,automobile,99.99,True
horse,horse,100.0,True
horse,horse,99.01,True
bird,bird,99.61,True
automobile,automobile,91.09,True
cat,airplane,54.0,False
deer,deer,99.84,True
truck,truck,99.16,True
frog,frog,99.99,True
ship,ship,98.86,True
dog,dog,99.54,True
cat,dog,51.52,False
truck,truck,99.24,True
ship,ship,98.95,True
horse,horse,99.99,True
airplane,airplane,44.81,True
dog,dog,97.97,True
dog,dog,99.84,True
truck,truck,99.88,True
ship,ship,99.9,True
cat,cat,48.49,True
dog,dog,98.37,True
ship,ship,59.02,True
dog,cat,90.36,False
dog,dog,87.58,True
horse,horse,99.77,True
airplane,airplane,99.13,True
airplane,airplane,98.26,True
frog,frog,37.88,True
deer,deer,99.74,True
truck,truck,98.32,True
bird,airplane,53.83,False
dog,cat,65.23,False
cat,horse,62.43,False
dog,dog,99.86,True
cat,cat,53.33,True
horse,horse,92.4,True
automobile,airplane,57.49,False
horse,horse,99.99,True
automobile,automobile,98.99,True
truck,truck,98.81,True
automobile,automobile,93.29,True
cat,cat,99.88,True
cat,horse,95.61,False
bird,bird,97.47,True
dog,dog,88.69,True
ship,ship,99.77,True
dog,cat,52.65,False
deer,deer,99.9,True
bird,bird,96.7,True
dog,dog,65.94,True
cat,dog,56.05,False
truck,truck,98.11,True
automobile,automobile,99.0,True
automobile,automobile,53.5,True
automobile,automobile,99.33,True
bird,bird,99.17,True
frog,frog,92.83,True
frog,frog,99.05,True
horse,horse,95.12,True
bird,bird,97.8,True
horse,cat,51.24,False
horse,horse,99.97,True
frog,frog,99.72,True
frog,frog,99.33,True
deer,deer,91.71,True
dog,dog,88.25,True
truck,truck,97.84,True
dog,cat,38.56,False
horse,horse,86.03,True
airplane,airplane,73.64,True
cat,cat,74.76,True
ship,ship,100.0,True
ship,ship,100.0,True
deer,ship,88.67,False
deer,deer,35.95,True
automobile,automobile,99.2,True
deer,deer,93.21,True
ship,ship,99.8,True
airplane,airplane,99.66,True
truck,truck,93.41,True
cat,cat,99.82,True
bird,bird,79.62,True
bird,bird,99.73,True
bird,bird,99.67,True
horse,horse,99.92,True
automobile,automobile,99.86,True
airplane,airplane,85.99,True
airplane,airplane,99.51,True
bird,bird,99.6,True
airplane,airplane,93.4,True
ship,ship,93.75,True
ship,ship,99.18,True
ship,ship,99.87,True
dog,frog,51.33,False
frog,frog,86.14,True
ship,ship,97.0,True
cat,cat,98.93,True
truck,truck,99.58,True
frog,frog,84.61,True
truck,truck,99.97,True
automobile,automobile,99.99,True
automobile,automobile,96.07,True
bird,bird,92.59,True
truck,truck,99.68,True
cat,dog,51.27,False
bird,bird,99.48,True
deer,deer,58.16,True
horse,horse,99.36,True
automobile,truck,52.2,False
cat,cat,89.36,True
automobile,truck,71.07,False
deer,deer,95.05,True
automobile,automobile,94.31,True
horse,horse,99.97,True
bird,bird,65.08,True
dog,dog,99.98,True
frog,frog,100.0,True
automobile,automobile,99.98,True
frog,frog,99.98,True
horse,horse,99.99,True
deer,deer,43.9,True
frog,frog,98.37,True
ship,ship,98.58,True
dog,dog,54.48,True
deer,deer,57.71,True
dog,dog,98.64,True
truck,truck,99.96,True
frog,bird,97.18,False
deer,deer,99.95,True
ship,ship,100.0,True
dog,dog,47.11,True
automobile,automobile,99.95,True
dog,dog,90.85,True
airplane,airplane,92.77,True
dog,dog,82.31,True
airplane,airplane,51.49,True
horse,airplane,49.5,False
ship,ship,100.0,True
horse,horse,97.22,True
truck,truck,99.76,True
dog,dog,99.9,True
frog,frog,99.99,True
truck,truck,98.31,True
ship,ship,100.0,True
horse,horse,98.47,True
truck,truck,96.63,True
ship,ship,98.18,True
horse,frog,39.97,False
horse,horse,95.67,True
horse,horse,89.22,True
airplane,airplane,98.95,True
cat,dog,48.21,False
cat,cat,96.57,True
horse,dog,54.5,False
dog,cat,62.95,False
truck,truck,94.62,True
frog,frog,57.64,True
bird,bird,65.25,True
ship,ship,99.61,True
ship,ship,99.77,True
dog,dog,67.17,True
frog,frog,47.8,True
airplane,airplane,99.84,True
ship,ship,92.25,True
ship,ship,98.88,True
automobile,automobile,99.96,True
automobile,ship,79.68,False
dog,dog,99.98,True
frog,cat,61.84,False
horse,horse,99.42,True
airplane,airplane,63.01,True
ship,ship,99.22,True
frog,frog,95.51,True
bird,bird,99.56,True
automobile,automobile,99.47,True
cat,cat,76.35,True
dog,dog,88.34,True
dog,dog,86.04,True
deer,deer,87.72,True
ship,ship,99.05,True
truck,truck,99.98,True
airplane,airplane,94.83,True
dog,dog,43.62,True
cat,cat,94.01,True
bird,bird,99.7,True
truck,truck,78.31,True
bird,bird,88.37,True
horse,horse,60.02,True
truck,truck,94.75,True
dog,dog,98.83,True
bird,bird,90.88,True
airplane,airplane,99.46,True
airplane,airplane,99.99,True
dog,dog,86.53,True
automobile,truck,97.02,False
truck,truck,93.32,True
automobile,automobile,94.86,True
dog,dog,98.17,True
horse,horse,99.99,True
cat,deer,96.05,False
airplane,airplane,72.32,True
cat,cat,43.17,True
automobile,automobile,99.47,True
horse,horse,96.91,True
deer,deer,98.85,True
ship,ship,89.78,True
truck,truck,99.98,True
frog,frog,99.61,True
deer,deer,94.74,True
horse,deer,60.81,False
frog,frog,99.57,True
dog,dog,74.03,True
airplane,bird,87.48,False
cat,cat,76.75,True
horse,horse,99.99,True
horse,horse,82.65,True
cat,automobile,48.48,False
deer,deer,99.87,True
cat,dog,97.74,False
airplane,airplane,97.93,True
truck,automobile,41.22,False
ship,airplane,49.93,False
horse,horse,99.98,True
airplane,airplane,99.96,True
automobile,automobile,99.7,True
truck,truck,99.93,True
airplane,airplane,99.94,True
horse,horse,97.14,True
automobile,automobile,99.25,True
airplane,airplane,74.99,True
cat,bird,79.74,False
airplane,airplane,99.89,True
truck,automobile,73.69,False
airplane,airplane,95.63,True
bird,bird,99.87,True
airplane,airplane,93.05,True
horse,horse,99.55,True
automobile,automobile,97.42,True
bird,bird,99.7,True
bird,bird,99.82,True
automobile,automobile,97.78,True
cat,cat,67.59,True
truck,horse,79.82,False
truck,truck,91.78,True
airplane,airplane,98.59,True
airplane,airplane,90.49,True
bird,airplane,80.92,False
deer,deer,98.64,True
frog,frog,77.73,True
ship,ship,83.87,True
dog,dog,98.84,True
bird,bird,99.89,True
automobile,truck,62.03,False
deer,cat,59.23,False
cat,cat,70.97,True
horse,deer,32.81,False
deer,deer,98.27,True
automobile,automobile,99.97,True
horse,horse,99.49,True
airplane,ship,66.33,False
cat,cat,36.67,True
bird,bird,99.97,True
deer,deer,97.03,True
dog,dog,93.17,True
frog,frog,99.88,True
bird,bird,97.8,True
automobile,automobile,99.94,True
horse,horse,99.99,True
dog,dog,90.49,True
airplane,airplane,99.62,True
automobile,automobile,99.94,True
frog,frog,99.85,True
bird,bird,99.92,True
cat,dog,55.49,False
horse,horse,78.03,True
frog,frog,89.96,True
deer,deer,99.61,True
horse,horse,99.93,True
deer,deer,99.12,True
automobile,automobile,99.31,True
cat,cat,90.71,True
ship,ship,99.83,True
dog,cat,57.89,False
dog,deer,82.61,False
ship,ship,99.92,True
cat,cat,50.49,True
truck,truck,99.77,True
cat,cat,59.48,True
dog,dog,99.26,True
cat,dog,55.74,False
deer,cat,87.3,False
dog,dog,95.76,True
automobile,automobile,97.31,True
horse,horse,83.36,True
airplane,airplane,97.96,True
dog,dog,73.63,True
airplane,airplane,98.34,True
bird,bird,97.47,True
cat,cat,99.9,True
frog,frog,99.79,True
deer,bird,51.3,False
cat,cat,82.74,True
bird,bird,72.56,True
frog,frog,97.52,True
cat,cat,98.59,True
dog,cat,44.86,False
ship,ship,99.98,True
automobile,automobile,98.18,True
deer,deer,99.8,True
deer,bird,69.65,False
ship,ship,100.0,True
automobile,automobile,98.81,True
truck,truck,99.74,True
bird,bird,67.84,True
automobile,automobile,90.89,True
horse,horse,99.86,True
horse,horse,100.0,True
ship,ship,99.51,True
airplane,airplane,91.95,True
truck,truck,71.08,True
deer,deer,99.25,True
dog,dog,86.0,True
truck,truck,93.14,True
airplane,airplane,97.11,True
cat,cat,62.56,True
bird,bird,88.0,True
truck,truck,99.81,True
deer,deer,99.96,True
truck,bird,44.68,False
truck,truck,98.87,True
deer,deer,98.75,True
horse,horse,99.93,True
horse,deer,51.21,False
ship,ship,89.58,True
cat,cat,85.88,True
dog,airplane,85.76,False
cat,cat,50.63,True
truck,truck,66.92,True
bird,dog,59.57,False
bird,bird,99.98,True
automobile,automobile,79.93,True
dog,deer,49.72,False
automobile,automobile,99.57,True
bird,bird,99.13,True
bird,dog,70.54,False
cat,cat,66.22,True
automobile,automobile,97.56,True
automobile,automobile,100.0,True
deer,deer,82.72,True
airplane,truck,86.24,False
dog,dog,79.96,True
truck,truck,99.98,True
bird,bird,99.57,True
truck,automobile,87.74,False
frog,frog,87.97,True
automobile,automobile,99.61,True
airplane,airplane,72.29,True
deer,deer,99.47,True
automobile,automobile,100.0,True
automobile,automobile,86.2,True
dog,dog,95.33,True
horse,dog,52.0,False
deer,deer,96.2,True
automobile,truck,95.07,False
dog,cat,83.87,False
horse,horse,80.08,True
ship,ship,99.99,True
ship,ship,97.82,True
cat,frog,48.17,False
horse,horse,100.0,True
dog,bird,26.08,False
frog,frog,93.18,True
cat,cat,89.12,True
frog,frog,99.63,True
bird,bird,49.74,True
truck,truck,98.85,True
horse,horse,92.25,True
cat,cat,99.85,True
horse,horse,98.29,True
automobile,automobile,99.44,True
frog,frog,92.49,True
dog,cat,38.28,False
ship,ship,99.96,True
horse,horse,38.37,True
automobile,automobile,99.43,True
cat,cat,94.78,True
horse,horse,87.81,True
frog,dog,70.26,False
truck,automobile,78.85,False
deer,deer,99.91,True
dog,horse,76.32,False
bird,bird,36.53,True
horse,horse,99.11,True
airplane,truck,43.81,False
automobile,automobile,96.23,True
frog,frog,70.93,True
ship,ship,99.85,True
airplane,airplane,98.98,True
frog,frog,99.96,True
horse,horse,82.91,True
dog,cat,54.52,False
dog,bird,68.25,False
cat,dog,55.43,False
horse,horse,100.0,True
bird,bird,98.05,True
automobile,automobile,99.84,True
ship,ship,99.84,True
deer,deer,98.65,True
bird,bird,80.37,True
cat,cat,75.09,True
automobile,automobile,99.99,True
truck,truck,66.49,True
deer,deer,47.9,True
ship,ship,99.94,True
ship,ship,99.95,True
bird,bird,51.2,True
frog,frog,99.96,True
airplane,airplane,98.92,True
truck,truck,99.99,True
ship,ship,81.34,True
dog,truck,38.41,False
ship,ship,99.98,True
bird,bird,81.88,True
automobile,automobile,99.5,True
bird,bird,97.97,True
frog,frog,100.0,True
ship,ship,100.0,True
deer,deer,94.39,True
ship,ship,92.49,True
ship,ship,83.58,True
cat,dog,50.83,False
ship,ship,99.99,True
ship,ship,99.87,True
automobile,ship,77.59,False
airplane,automobile,58.07,False
ship,ship,91.5,True
bird,bird,99.88,True
horse,horse,89.75,True
truck,truck,98.64,True
truck,truck,84.93,True
cat,cat,90.26,True
dog,cat,72.1,False
bird,airplane,87.19,False
bird,deer,47.65,False
frog,cat,83.41,False
ship,ship,99.55,True
bird,bird,83.82,True
horse,bird,70.13,False
horse,horse,97.21,True
frog,frog,99.99,True
horse,horse,91.57,True
cat,cat,72.99,True
horse,horse,99.97,True
automobile,automobile,95.39,True
frog,frog,99.88,True
dog,dog,99.95,True
bird,airplane,49.61,False
bird,bird,98.91,True
deer,bird,47.35,False
cat,cat,98.49,True
deer,deer,88.78,True
cat,cat,65.61,True
bird,cat,66.27,False
bird,bird,88.0,True
airplane,airplane,98.68,True
deer,deer,80.47,True
airplane,airplane,94.45,True
horse,horse,99.53,True
automobile,truck,54.7,False
deer,deer,99.76,True
truck,truck,93.3,True
dog,dog,74.27,True
automobile,automobile,98.35,True
bird,deer,50.37,False
bird,bird,65.33,True
deer,deer,99.98,True
horse,horse,97.26,True
airplane,airplane,100.0,True
deer,horse,85.86,False
deer,deer,94.04,True
airplane,airplane,98.5,True
deer,deer,95.85,True
ship,ship,99.44,True
truck,dog,59.75,False
frog,ship,34.07,False
airplane,airplane,97.12,True
airplane,airplane,83.11,True
deer,deer,87.73,True
dog,horse,95.4,False
truck,truck,99.69,True
ship,ship,99.71,True
airplane,airplane,99.96,True
frog,frog,96.19,True
frog,frog,99.83,True
ship,ship,100.0,True
horse,horse,83.13,True
airplane,airplane,58.12,True
cat,cat,95.96,True
truck,truck,88.58,True
automobile,automobile,99.8,True
horse,horse,100.0,True
automobile,automobile,95.42,True
automobile,automobile,100.0,True
deer,deer,98.75,True
automobile,automobile,99.99,True
airplane,airplane,99.98,True
frog,frog,99.99,True
bird,airplane,98.23,False
frog,frog,99.41,True
bird,bird,99.23,True
dog,frog,87.14,False
dog,dog,43.19,True
airplane,bird,94.06,False
ship,ship,99.99,True
bird,bird,99.84,True
horse,horse,100.0,True
bird,bird,99.73,True
dog,dog,62.08,True
frog,frog,58.74,True
horse,horse,89.2,True
dog,dog,98.85,True
horse,horse,99.84,True
frog,cat,60.83,False
horse,horse,99.13,True
horse,horse,99.42,True
automobile,automobile,99.78,True
truck,truck,99.99,True
airplane,airplane,99.81,True
dog,dog,89.52,True
truck,truck,99.91,True
horse,horse,97.01,True
horse,horse,94.98,True
frog,frog,98.66,True
cat,cat,79.69,True
deer,frog,44.45,False
dog,dog,53.38,True
airplane,airplane,58.66,True
deer,deer,58.3,True
truck,truck,99.93,True
frog,frog,99.9,True
airplane,airplane,97.69,True
bird,dog,85.19,False
bird,bird,99.42,True
frog,frog,99.93,True
deer,deer,84.07,True
airplane,cat,68.15,False
ship,ship,96.44,True
truck,truck,100.0,True
truck,truck,97.49,True
dog,dog,56.6,True
automobile,truck,71.02,False
ship,ship,99.48,True
automobile,automobile,99.21,True
horse,horse,99.47,True
dog,dog,99.74,True
airplane,airplane,100.0,True
automobile,automobile,100.0,True
airplane,airplane,99.94,True
cat,cat,89.56,True
deer,deer,95.76,True
automobile,cat,94.4,False
bird,bird,100.0,True
airplane,airplane,98.99,True
horse,dog,95.25,False
dog,dog,94.33,True
ship,ship,100.0,True
bird,bird,98.61,True
automobile,ship,86.87,False
automobile,automobile,89.78,True
deer,deer,99.59,True
cat,cat,46.2,True
truck,truck,99.91,True
frog,frog,99.76,True
deer,deer,79.47,True
ship,ship,99.88,True
ship,ship,100.0,True
truck,truck,45.29,True
truck,truck,97.13,True
ship,ship,100.0,True
automobile,automobile,99.23,True
deer,deer,92.73,True
dog,dog,99.16,True
automobile,automobile,97.93,True
bird,bird,91.58,True
deer,deer,86.61,True
truck,truck,93.62,True
truck,truck,69.35,True
bird,bird,99.55,True
automobile,automobile,99.5,True
cat,cat,69.37,True
truck,truck,84.31,True
truck,truck,61.81,True
dog,dog,99.4,True
truck,truck,97.8,True
airplane,airplane,99.67,True
automobile,automobile,99.73,True
airplane,airplane,88.21,True
bird,cat,41.98,False
ship,ship,91.94,True
horse,horse,99.7,True
airplane,airplane,99.99,True
frog,frog,55.29,True
frog,frog,100.0,True
dog,dog,84.16,True
frog,frog,99.84,True
dog,dog,53.24,True
ship,ship,97.59,True
airplane,airplane,98.39,True
cat,cat,94.06,True
bird,bird,99.45,True
deer,deer,99.93,True
horse,horse,51.12,True
airplane,truck,60.18,False
cat,cat,86.78,True
ship,ship,99.73,True
deer,airplane,51.62,False
frog,deer,33.76,False
bird,dog,75.16,False
airplane,airplane,99.72,True
frog,frog,98.57,True
deer,deer,63.6,True
horse,horse,94.31,True
bird,bird,90.51,True
horse,dog,97.17,False
cat,cat,68.89,True
truck,truck,98.91,True
automobile,automobile,51.87,True
dog,frog,76.69,False
truck,truck,99.23,True
airplane,airplane,99.7,True
deer,deer,98.27,True
automobile,automobile,93.4,True
ship,ship,95.84,True
automobile,ship,93.94,False
automobile,automobile,97.68,True
horse,horse,87.87,True
frog,frog,99.24,True
dog,dog,93.53,True
deer,deer,99.95,True
bird,bird,99.52,True
airplane,airplane,99.64,True
deer,deer,94.01,True
frog,frog,68.96,True
ship,automobile,94.16,False
truck,truck,97.42,True
truck,truck,99.94,True
ship,ship,95.08,True
truck,truck,73.24,True
automobile,automobile,98.62,True
ship,ship,99.96,True
truck,truck,98.98,True
bird,airplane,89.28,False
truck,truck,99.98,True
automobile,automobile,95.87,True
ship,ship,92.36,True
cat,cat,62.1,True
cat,cat,56.65,True
automobile,automobile,99.69,True
deer,deer,99.8,True
dog,truck,59.31,False
truck,truck,95.54,True
airplane,airplane,96.21,True
airplane,airplane,79.58,True
horse,horse,99.98,True
dog,dog,99.83,True
horse,horse,98.51,True
automobile,automobile,99.99,True
frog,frog,98.75,True
ship,ship,99.91,True
dog,horse,76.97,False
dog,dog,99.98,True
deer,deer,99.27,True
deer,deer,99.99,True
bird,bird,99.77,True
cat,cat,98.85,True
dog,dog,96.37,True
horse,horse,98.85,True
cat,bird,59.13,False
bird,bird,95.91,True
truck,airplane,99.86,False
dog,dog,89.0,True
frog,frog,99.93,True
cat,cat,70.1,True
automobile,truck,93.79,False
automobile,automobile,99.49,True
ship,ship,98.43,True
dog,cat,53.83,False
truck,truck,96.3,True
automobile,truck,63.02,False
ship,ship,81.87,True
bird,bird,99.99,True
horse,horse,85.98,True
dog,dog,94.77,True
frog,frog,99.65,True
horse,horse,100.0,True
ship,ship,98.06,True
bird,bird,99.48,True
bird,bird,93.92,True
horse,horse,53.35,True
cat,cat,85.37,True
bird,frog,98.7,False
cat,cat,84.55,True
cat,cat,99.99,True
automobile,automobile,42.75,True
automobile,automobile,32.58,True
deer,horse,98.43,False
truck,truck,89.94,True
horse,horse,94.34,True
bird,bird,47.36,True
ship,ship,99.86,True
horse,horse,99.94,True
airplane,bird,64.2,False
deer,airplane,70.85,False
airplane,airplane,92.44,True
frog,frog,99.72,True
deer,deer,97.26,True
bird,bird,53.24,True
frog,frog,99.65,True
bird,bird,84.61,True
airplane,airplane,55.32,True
dog,deer,93.66,False
cat,frog,88.52,False
horse,horse,93.43,True
bird,bird,92.8,True
horse,horse,94.21,True
automobile,automobile,48.02,True
ship,ship,99.89,True
frog,frog,99.33,True
dog,dog,97.74,True
ship,ship,99.96,True
automobile,automobile,99.92,True
truck,truck,99.99,True
cat,cat,84.99,True
horse,horse,99.86,True
truck,airplane,40.1,False
bird,bird,55.27,True
horse,horse,100.0,True
automobile,automobile,99.59,True
cat,dog,53.09,False
airplane,airplane,79.08,True
frog,deer,95.57,False
dog,dog,86.68,True
ship,ship,93.36,True
truck,truck,87.99,True
deer,deer,76.33,True
cat,cat,97.97,True
deer,deer,78.98,True
horse,horse,99.98,True
dog,cat,61.97,False
deer,deer,44.6,True
frog,frog,97.95,True
dog,dog,68.5,True
deer,deer,95.22,True
deer,deer,99.44,True
cat,cat,97.39,True
bird,cat,75.35,False
deer,deer,95.71,True
cat,cat,80.56,True
deer,deer,79.3,True
frog,frog,81.52,True
dog,cat,49.12,False
bird,bird,98.56,True
horse,horse,60.29,True
horse,deer,72.34,False
automobile,automobile,99.94,True
airplane,bird,35.75,False
bird,airplane,38.09,False
automobile,automobile,54.14,True
truck,truck,95.71,True
dog,dog,99.57,True
frog,frog,99.18,True
dog,cat,71.4,False
horse,horse,98.18,True
truck,truck,52.33,True
ship,ship,99.98,True
horse,horse,99.54,True
deer,horse,97.3,False
automobile,automobile,99.61,True
frog,frog,95.88,True
automobile,automobile,99.88,True
airplane,airplane,100.0,True
horse,dog,92.79,False
bird,bird,38.4,True
frog,frog,99.86,True
airplane,airplane,90.38,True
airplane,cat,57.7,False
dog,dog,89.63,True
automobile,automobile,69.1,True
ship,ship,99.58,True
deer,deer,98.53,True
bird,bird,96.1,True
bird,bird,99.99,True
ship,ship,98.03,True
ship,ship,99.98,True
automobile,automobile,99.61,True
airplane,airplane,76.76,True
airplane,deer,72.66,False
dog,cat,49.49,False
frog,frog,96.02,True
frog,frog,73.38,True
dog,dog,65.19,True
frog,frog,97.07,True
dog,dog,98.51,True
bird,ship,38.89,False
bird,bird,91.35,True
cat,cat,85.4,True
airplane,airplane,99.99,True
truck,truck,97.35,True
frog,frog,97.31,True
horse,ship,35.78,False
cat,cat,79.25,True
dog,dog,99.93,True
dog,dog,98.59,True
cat,cat,98.9,True
cat,cat,99.96,True
deer,deer,76.8,True
automobile,automobile,89.49,True
deer,deer,67.84,True
airplane,airplane,89.97,True
bird,bird,99.76,True
ship,ship,96.2,True
bird,bird,100.0,True
frog,frog,99.96,True
automobile,automobile,95.69,True
frog,frog,99.97,True
cat,dog,82.82,False
ship,ship,99.5,True
dog,dog,98.65,True
dog,cat,29.91,False
horse,horse,99.55,True
frog,frog,56.81,True
truck,truck,32.79,True
ship,ship,99.8,True
cat,deer,51.24,False
bird,bird,49.52,True
dog,dog,97.97,True
automobile,automobile,99.0,True
airplane,bird,78.71,False
automobile,automobile,99.99,True
bird,bird,91.9,True
bird,deer,69.15,False
horse,horse,99.62,True
automobile,automobile,99.87,True
dog,dog,98.73,True
dog,dog,92.03,True
dog,dog,99.73,True
airplane,horse,63.64,False
deer,deer,99.31,True
cat,cat,72.96,True
horse,horse,82.35,True
frog,bird,58.08,False
airplane,airplane,99.96,True
truck,truck,100.0,True
horse,horse,100.0,True
airplane,airplane,99.82,True
dog,airplane,77.6,False
horse,horse,99.73,True
dog,dog,94.83,True
cat,dog,85.69,False
airplane,airplane,99.47,True
deer,cat,51.96,False
bird,ship,88.56,False
frog,frog,99.88,True
frog,frog,99.9,True
automobile,automobile,99.85,True
horse,horse,99.92,True
cat,cat,99.15,True
airplane,airplane,89.94,True
deer,deer,84.75,True
truck,truck,95.02,True
automobile,automobile,99.89,True
airplane,airplane,99.79,True
cat,cat,84.2,True
automobile,automobile,95.81,True
airplane,airplane,55.88,True
ship,ship,96.96,True
bird,deer,92.2,False
frog,frog,99.99,True
horse,horse,42.9,True
dog,dog,97.53,True
airplane,airplane,99.92,True
deer,bird,68.44,False
dog,horse,65.85,False
dog,dog,99.9,True
bird,cat,95.99,False
automobile,automobile,92.12,True
deer,deer,76.88,True
automobile,automobile,99.84,True
bird,frog,55.63,False
cat,cat,97.22,True
airplane,ship,51.36,False
truck,truck,99.94,True
truck,truck,99.74,True
deer,deer,99.0,True
frog,frog,99.47,True
automobile,automobile,99.9,True
automobile,automobile,89.38,True
airplane,airplane,99.36,True
horse,horse,97.11,True
bird,bird,99.96,True
horse,deer,42.55,False
